Master ID,Item ID,Parent ID,Menu Name,Menu Group,Subgroup,Menu Item,Avg Price,Item Qty,Gross Amount,Discount Amount,Net Amount,% Qty (Group),% Qty (Menu),% Qty (All),% Net Amt (Group),% Net Amt (Menu),% Net Amt (All)
,,,ALL MENUS,,,,9.58572871883061,4462.0,41840.10,1933.90,39906.20,0,0,0,0,0,0
,,,Food Menu,,,,14.433736578382248,1355.0,19420.00,1518.87,17901.13,0,0,0.3036754818467055,0,0,0.44858017049982213
1600000000375910510,1600000000375910509,,Food Menu,Appetizers,,,13.20,411.0,5426.07,298.07,5128.00,0,0.3033210332103321,0.09211116091438816,0,0.28646236299049277,0.12850133563205718
1600000000375910512,1600000000375910511,1600000000375910510,Food Menu,Appetizers,,Chicken Wings,13.094505494505494,88.0,1152.63,81.43,1071.20,0.2141119221411192,0.06494464944649446,0.019722097714029583,0.2088923556942278,0.05983979782281901,0.026842946710035034
1600000000375910514,1600000000375910513,1600000000375910510,Food Menu,Appetizers,,Crispy Fish,12.989999999999998,22.0,285.78,22.09,263.69,0.0535279805352798,0.016236162361623615,0.004930524428507396,0.05142160686427457,0.014730355011108236,0.006607745162405842
1600000000375910516,1600000000375910515,1600000000375910510,Food Menu,Appetizers,,Fried Shrimp,13.99,14.0,195.86,0.00,195.86,0.0340632603406326,0.010332103321033211,0.0031376064545047063,0.038194227769110765,0.010941208739336567,0.0049080092817657415
1600000000375910518,1600000000375910517,1600000000375910510,Food Menu,Appetizers,,Chicken Tenders,11.865,16.0,189.84,11.99,177.85,0.038929440389294405,0.011808118081180811,0.003585835948005379,0.03468213728549142,0.009935127000362545,0.004456700963760017
1600000000375910520,1600000000375910519,1600000000375910510,Food Menu,Appetizers,,Loaded Fries,12.772739726027396,71.0,905.15,67.90,837.25,0.17274939172749393,0.05239852398523985,0.01591214701927387,0.16327028081123246,0.046770790447306955,0.020980449153264406
1600000000454770812,1600000000454732125,1600000000375910510,Food Menu,Appetizers,,Wing Wednesday,9.0,19.0,171.00,7.87,163.13,0.046228710462287104,0.014022140221402213,0.004258180188256387,0.031811622464898597,0.009112832541856295,0.004087835975362225
1600000000631459782,1600000000631459781,1600000000375910510,Food Menu,Appetizers,,15 Game Day Wings,24.983333333333334,3.0,74.95,0.00,74.95,0.0072992700729927005,0.002214022140221402,6.723442402510085E-4,0.014615834633385337,0.0041868865261578455,0.0018781542717672946
1600000000645346593,1600000000645346592,1600000000375910510,Food Menu,Appetizers,,777,14.398970588235294,68.0,979.13,30.55,948.58,0.1654501216545012,0.05018450184501845,0.01523980277902286,0.1849804992199688,0.052989950913713266,0.023770241215650703
1600000000698429037,1600000000698429036,1600000000375910510,Food Menu,Appetizers,,Manchurian,13.943181818181818,20.0,278.77,31.18,247.59,0.04866180048661801,0.014760147601476014,0.0044822949350067235,0.04828198127925117,0.013830970447117025,0.0062042990813457564
1600000000723131341,1600000000723131340,1600000000375910510,Food Menu,Appetizers,,Jungle Fire,14.64341463414634,41.0,600.38,5.80,594.58,0.09975669099756691,0.03025830258302583,0.009188704616763783,0.11594773790951639,0.0332146629849624,0.014899439184888565
1600000000876248613,1600000000876248612,1600000000375910510,Food Menu,Appetizers,,$5 Wings,5.585,9.0,50.20,0.50,49.70,0.021897810218978103,0.006642066420664207,0.0020170327207530256,0.009691887675507022,0.0027763610453641753,0.0012454205110985263
1600000001158621026,1600000001158621025,1600000000375910510,Food Menu,Appetizers,,Samosa Supreme,8.49,2.0,16.98,0.98,16.00,0.004866180048661801,0.0014760147601476014,4.4822949350067237E-4,0.0031201248049922,8.937983244633159E-4,4.0094020478020963E-4
1600000001202042518,1600000001202042517,1600000000375910510,Food Menu,Appetizers,,Paneer and  Cheese croquettes,12.99,3.0,38.97,1.50,37.47,0.0072992700729927005,0.002214022140221402,6.723442402510085E-4,0.007306942277691107,0.0020931639511025278,9.389518420696534E-4
1600000000723131343,1600000000723131342,1600000000375910510,Food Menu,Appetizers,,Jungle Fire Paneeer,13.911333333333333,14.0,194.68,15.39,179.29,0.0340632603406326,0.010332103321033211,0.0031376064545047063,0.03496294851794072,0.010015568849564244,0.004492785582190236
1600000000723131345,1600000000723131344,1600000000375910510,Food Menu,Appetizers,,Jungle Fire Mushroom,13.99,5.0,69.95,2.80,67.15,0.012165450121654502,0.0036900369003690036,0.0011205737337516809,0.01309477379095164,0.0037511598429819794,0.0016826959219369425
1600000000375910522,1600000000375910521,1600000000375910510,Food Menu,Appetizers,,Chicken Samurai,12.99,4.0,51.96,1.30,50.66,0.009732360097323601,0.002952029520295203,8.964589870013447E-4,0.00987909516380655,0.002829988944831974,0.0012694769233853385
1600000000723131349,1600000000723131348,1600000000375910510,Food Menu,Appetizers,,Jungle Green Mushroom,13.49,4.0,53.96,0.00,53.96,0.009732360097323601,0.002952029520295203,8.964589870013447E-4,0.010522620904836194,0.003014334849252533,0.001352170840621257
1600000000723132451,1600000000723132450,1600000000375910510,Food Menu,Appetizers,,Jungle Green Paneer,14.48,4.0,57.92,1.40,56.52,0.009732360097323601,0.002952029520295203,8.964589870013447E-4,0.011021840873634945,0.003157342581166664,0.0014163212733860906
1600000000645346597,1600000000645346596,1600000000375910510,Food Menu,Appetizers,,Chicken Samurai,13.99,2.0,27.98,15.39,12.59,0.004866180048661801,0.0014760147601476014,4.4822949350067237E-4,0.002455148205928237,7.033075565620717E-4,3.1548982363642747E-4
1600000000723131347,1600000000723131346,1600000000375910510,Food Menu,Appetizers,,Jungle Green Chicken,13.99,1.0,13.99,0.00,13.99,0.0024330900243309003,7.380073800738007E-4,2.2411474675033618E-4,0.0027281591263650547,7.815149099526119E-4,3.505720915546958E-4
1600000001102450011,1600000001102450010,1600000000375910510,Food Menu,Appetizers,,Jungle Fire Shrimp,15.99,1.0,15.99,0.00,15.99,0.0024330900243309003,7.380073800738007E-4,2.2411474675033618E-4,0.0031181747269890796,8.932397005105264E-4,4.00689617152222E-4
1600000000375910524,1600000000375910523,,Food Menu,Quick Bites,,,10.02,157.0,1573.75,102.95,1470.80,0,0.11586715867158671,0.035186015239802776,0,0.08216241097629032,0.03685642832442077
1600000000375910526,1600000000375910525,1600000000375910524,Food Menu,Quick Bites,,Mozarella Sticks,9.99015625,61.0,609.40,33.19,576.21,0.3885350318471338,0.045018450184501846,0.013670999551770506,0.3917663856404678,0.03218847078368796,0.014439109712275288
1600000000375910528,1600000000375910527,1600000000375910524,Food Menu,Quick Bites,,Jalepeno Poppers,10.083023255813954,42.0,423.58,42.57,381.01,0.267515923566879,0.03099630996309963,0.00941281936351412,0.2590494968724504,0.0212841312252355,0.00954763921395673
1600000000375910530,1600000000375910529,1600000000375910524,Food Menu,Quick Bites,,Falafel,9.99,13.0,129.87,0.00,129.87,0.08280254777070063,0.00959409594095941,0.00291349170775437,0.08829888496056569,0.007254849274878178,0.003254381524675364
1600000000375910532,1600000000375910531,1600000000375910524,Food Menu,Quick Bites,,Onion Rings,10.044583333333334,24.0,241.07,11.70,229.37,0.15286624203821655,0.017712177121771217,0.005378753922008068,0.15594914332336143,0.012813157605134424,0.005747728423152292
1600000000375910540,1600000000375910539,1600000000375910524,Food Menu,Quick Bites,,Chicken Nuggets,9.99,17.0,169.83,15.49,154.34,0.10828025477707007,0.012546125461254613,0.003809950694755715,0.10493608920315475,0.008621802087354262,0.0038675694503610973
1600000000375910542,1600000000375910541,,Food Menu,Burgers,,,14.75,139.0,2050.03,174.61,1875.42,0,0.1025830258302583,0.03115194979829673,0,0.10476545335406201,0.0469957049280563
1600000000375910544,1600000000375910543,1600000000375910542,Food Menu,Burgers,,Sizzling Smash,14.33842105263158,73.0,1045.93,76.43,969.50,0.5251798561151079,0.05387453874538745,0.01636037651277454,0.5169508696718601,0.054158592222949054,0.024294470533400826
1600000000375910546,1600000000375910545,1600000000375910542,Food Menu,Burgers,,Double Down,16.393636363636364,43.0,705.33,57.26,648.07,0.30935251798561153,0.03173431734317343,0.009636934110264455,0.34555992790948165,0.036202742508433826,0.016239832406994403
1600000000375910548,1600000000375910547,1600000000375910542,Food Menu,Burgers,,3 Pointer,12.99,17.0,220.83,14.29,206.54,0.1223021582733813,0.012546125461254613,0.003809950694755715,0.11012999754721609,0.011537819120915829,0.005175636868456531
1600000000375910600,1600000000375910549,1600000000375910542,Food Menu,Burgers,,Victory Burger,12.99,6.0,77.94,26.63,51.31,0.04316546762589928,0.004428044280442804,0.001344688480502017,0.027359204871442132,0.0028662995017632964,0.0012857651192045348
1600000000375910602,1600000000375910601,,Food Menu,Wraps,,,14.61,31.0,452.91,119.91,333.00,0,0.022878228782287822,0.006947557149260422,0,0.018602177627892763,0.008344568011988112
1600000000375910604,1600000000375910603,1600000000375910602,Food Menu,Wraps,,Steak Wrap,16.47,8.0,130.16,7.99,122.17,0.25806451612903225,0.005904059040590406,0.0017929179740026895,0.36687687687687687,0.006824708831230207,0.0030614290511248882
1600000000375910606,1600000000375910605,1600000000375910602,Food Menu,Wraps,,Lamb Wrap,0.00,0.0,0.00,0.00,0.00,0,0,0,0,0,0
1600000000375910608,1600000000375910607,1600000000375910602,Food Menu,Wraps,,Chicken Wrap,14.032608695652174,23.0,322.75,111.92,210.83,0.7419354838709677,0.016974169741697416,0.005154639175257732,0.6331231231231231,0.011777468796662556,0.005283138960863225
1600000000375910610,1600000000375910609,1600000000375910602,Food Menu,Wraps,,Falafel Wrap,0.00,0.0,0.00,0.00,0.00,0,0,0,0,0,0
1600000000375910612,1600000000375910611,,Food Menu,Pita Crave,,,14.15,56.0,792.32,63.26,729.06,0,0.041328413284132844,0.012550425818018825,0,0.04072703790207657,0.018269341606066226
1600000000375910614,1600000000375910613,1600000000375910612,Food Menu,Pita Crave,,Grill Chicken Pitawich,14.117272727272727,22.0,310.58,33.28,277.30,0.39285714285714285,0.016236162361623615,0.004930524428507396,0.3803527830356898,0.015490642210854845,0.0069487949240970084
1600000000375910616,1600000000375910615,1600000000375910612,Food Menu,Pita Crave,,Crispy Chicken Pitawich,13.99,17.0,237.83,28.68,209.15,0.30357142857142855,0.012546125461254613,0.003809950694755715,0.28687625161166436,0.01168361997259391,0.005241040239361303
1600000000375910618,1600000000375910617,1600000000375910612,Food Menu,Pita Crave,,Steak Pitawich,16.287142857142857,7.0,114.01,0.00,114.01,0.125,0.0051660516605166054,0.0015688032272523531,0.15637944750774974,0.006368871685753916,0.0028569495466869814
1600000000375910620,1600000000375910619,1600000000375910612,Food Menu,Pita Crave,,Falafel Pitawich,12.989999999999998,10.0,129.90,1.30,128.60,0.17857142857142858,0.007380073800738007,0.0022411474675033617,0.17639151784489618,0.007183904032873902,0.0032225568959209348
1600000000375910622,1600000000375910621,,Food Menu,Philly Station,,,15.82,86.0,1360.20,46.07,1314.13,0,0.06346863468634686,0.01927386822052891,0,0.0734104495079361,0.03293047195673856
1600000000375910624,1600000000375910623,1600000000375910622,Food Menu,Philly Station,,Grill Chicken Philly Melt,13.99,15.0,209.85,17.29,192.56,0.1744186046511628,0.01107011070110701,0.0033617212012550424,0.14653040414570856,0.010756862834916007,0.004825315364529823
1600000000375910626,1600000000375910625,1600000000375910622,Food Menu,Philly Station,,Crispy Chicken Philly Crunch,13.99,5.0,69.95,0.00,69.95,0.05813953488372093,0.0036900369003690036,0.0011205737337516809,0.05322913258201243,0.003907574549763059,0.001752860457773479
1600000000375910628,1600000000375910627,1600000000375910622,Food Menu,Philly Station,,Cheese Steak Philly Melt,16.23,48.0,779.04,12.79,766.25,0.5581395348837209,0.035424354243542434,0.010757507844016136,0.5830853872904507,0.04280456038250099,0.019201276994552225
1600000000375910630,1600000000375910629,1600000000375910622,Food Menu,Philly Station,,Chop Cheese Philly Melt,16.21857142857143,14.0,227.06,15.99,211.07,0.16279069767441862,0.010332103321033211,0.0031376064545047063,0.1606157686073676,0.011790875771529506,0.005289153063934927
1600000000375910632,1600000000375910631,1600000000375910622,Food Menu,Philly Station,,Heavy Duty Philly Supreme,18.458000000000002,4.0,74.30,0.00,74.30,0.046511627906976744,0.002952029520295203,8.964589870013447E-4,0.05653930737446066,0.004150575969226523,0.0018618660759480983
1600000000375910634,1600000000375910633,,Food Menu,Grill and Chill Platters,,,16.58,213.0,3531.74,368.30,3163.44,0,0.15719557195571957,0.047736441057821606,0,0.17671733572126452,0.07927189258811915
1600000000375910636,1600000000375910635,1600000000375910634,Food Menu,Grill and Chill Platters,,Grill Chicken Power Platter,15.39922077922078,77.0,1185.74,118.25,1067.49,0.3615023474178404,0.05682656826568266,0.017256835499775885,0.3374459449207192,0.05963254833633407,0.026749978700051625
1600000000375910638,1600000000375910637,1600000000375910634,Food Menu,Grill and Chill Platters,,Crispy Chicken Platter,15.035652173913043,23.0,345.82,31.72,314.10,0.107981220657277,0.016974169741697416,0.005154639175257732,0.09929064562628026,0.017546378357120473,0.00787095739509149
1600000000375910640,1600000000375910639,1600000000375910634,Food Menu,Grill and Chill Platters,,Beast Combo Platter,19.437419354838706,30.0,583.57,37.98,545.59,0.14084507042253522,0.02214022140221402,0.006723442402510085,0.17246731406317176,0.030477964240246288,0.013671810395377161
1600000000375910642,1600000000375910641,1600000000375910634,Food Menu,Grill and Chill Platters,,Falafel Fiesta Platter,14.99,12.0,179.88,17.98,161.90,0.056338028169014086,0.008856088560885609,0.002689376961004034,0.051178463950636015,0.009044121795663178,0.004057013697119746
1600000000375910644,1600000000375910643,1600000000375910634,Food Menu,Grill and Chill Platters,,Crispy Catch Platter,15.0425,20.0,300.85,35.11,265.74,0.09389671361502347,0.014760147601476014,0.0044822949350067235,0.08400348987178514,0.0148448729214301,0.006659115626143307
1600000000375910646,1600000000375910645,1600000000375910634,Food Menu,Grill and Chill Platters,,Baja Shrimp Platter,17.19,16.0,275.24,27.19,248.05,0.07511737089201878,0.011808118081180811,0.003585835948005379,0.07841147611460941,0.013856667148945345,0.006215826112233188
1600000000375910648,1600000000375910647,1600000000375910634,Food Menu,Grill and Chill Platters,,Steak Supreme Platter,19.234285714285715,21.0,403.92,59.15,344.77,0.09859154929577464,0.015498154981549815,0.00470640968175706,0.10898578762359962,0.01925967802032609,0.008639509650129554
1600000000409985513,1600000000409832645,1600000000375910634,Food Menu,Grill and Chill Platters,,Lamb Platter,18.275882352941178,14.0,256.72,40.92,215.80,0.06572769953051644,0.010332103321033211,0.0031376064545047063,0.0682168778291986,0.012055104901198975,0.005407681011973077
1600000000375910650,1600000000375910649,,Food Menu,Salads,,,14.14,7.0,99.01,1.49,97.52,0,0.0051660516605166054,0.0015688032272523531,0,0.005447700787603911,0.0024437305481353777
1600000000375910652,1600000000375910651,1600000000375910650,Food Menu,Salads,,Chicken Power Bowl,12.99,4.0,51.96,1.49,50.47,0.5714285714285714,0.002952029520295203,8.964589870013447E-4,0.5175348646431501,0.0028193750897289723,0.0012647157584535736
1600000000375910654,1600000000375910653,1600000000375910650,Food Menu,Salads,,Lamb Garden Bowl,0.00,0.0,0.00,0.00,0.00,0,0,0,0,0,0
1600000000375910656,1600000000375910655,1600000000375910650,Food Menu,Salads,,Falafel Crunch Bowl,12.99,1.0,12.99,0.00,12.99,0.14285714285714285,7.380073800738007E-4,2.2411474675033618E-4,0.1332034454470878,7.256525146736546E-4,3.2551332875593267E-4
1600000000375910658,1600000000375910657,1600000000375910650,Food Menu,Salads,,Steak House Salad,17.03,2.0,34.06,0.00,34.06,0.2857142857142857,0.0014760147601476014,4.4822949350067237E-4,0.34926168990976214,0.001902673183201284,8.535014609258713E-4
1600000000375910660,1600000000375910659,,Food Menu,Desserts,,,7.06,37.0,261.36,6.99,254.37,0,0.02730627306273063,0.008292245629762439,0,0.014209717487108356,0.00637419749312137
1600000000375910662,1600000000375910661,1600000000375910660,Food Menu,Desserts,,Nutella Cheese Cake,7.1113333333333335,15.0,106.67,0.00,106.67,0.40540540540540543,0.01107011070110701,0.0033617212012550424,0.41934976608876834,0.0059588417044063695,0.0026730182277440603
1600000000375910664,1600000000375910663,1600000000375910660,Food Menu,Desserts,,Cheese Cake,6.989999999999999,6.0,41.94,0.00,41.94,0.16216216216216217,0.004428044280442804,0.001344688480502017,0.16487793371859888,0.0023428688579994667,0.0010509645117801245
1600000000375910666,1600000000375910665,1600000000375910660,Food Menu,Desserts,,Leches Cake,6.99,1.0,6.99,6.99,0.00,0.02702702702702703,7.380073800738007E-4,2.2411474675033618E-4,0.0,0.0,0.0
1600000000375910668,1600000000375910667,1600000000375910660,Food Menu,Desserts,,Red Velvet Cake,7.172,4.0,28.87,0.00,28.87,0.10810810810810811,0.002952029520295203,8.964589870013447E-4,0.11349608837520148,0.0016127473517034958,7.234464820002908E-4
1600000000375910670,1600000000375910669,1600000000375910660,Food Menu,Desserts,,Carrot Cake,6.99,11.0,76.89,0.00,76.89,0.2972972972972973,0.008118081180811807,0.002465262214253698,0.3022762118174313,0.004295259572999022,0.0019267682715968949
1600000000375910672,1600000000375910671,,Food Menu,Thick Shakes,,,0.00,0.0,0.00,0.00,0.00,0,0,0,0,0,0
1600000000375910675,1600000000375910674,1600000000375910672,Food Menu,Thick Shakes,,Vanila Vibe,0.00,0.0,0.00,0.00,0.00,0,0,0,0,0,0
1600000000375910678,1600000000375910677,1600000000375910672,Food Menu,Thick Shakes,,Choclate Rush,0.00,0.0,0.00,0.00,0.00,0,0,0,0,0,0
1600000000375910680,1600000000375910679,1600000000375910672,Food Menu,Thick Shakes,,Strawbery Swirl,0.00,0.0,0.00,0.00,0.00,0,0,0,0,0,0
1600000000375910682,1600000000375910681,1600000000375910672,Food Menu,Thick Shakes,,Mango Mood,0.00,0.0,0.00,0.00,0.00,0,0,0,0,0,0
1600000000375910684,1600000000375910683,1600000000375910672,Food Menu,Thick Shakes,,Oreo Craze,0.00,0.0,0.00,0.00,0.00,0,0,0,0,0,0
1600000000394978271,1600000000394978270,,Food Menu,Bar Bites,,,2.94,3.0,8.82,0.00,8.82,0,0.002214022140221402,6.723442402510085E-4,0,4.92706326360403E-4,2.2101828788509057E-4
1600000000402457569,1600000000402457568,1600000000394978271,Food Menu,Bar Bites,,Monkey Masala Peanuts,2.94,3.0,8.82,0.00,8.82,1.0,0.002214022140221402,6.723442402510085E-4,1.0,4.92706326360403E-4,2.2101828788509057E-4
1600000000402457571,1600000000402457570,1600000000394978271,Food Menu,Bar Bites,,Monkey Masala Roasted Chickpeas,0.00,0.0,0.00,0.00,0.00,0,0,0,0,0,0
1600000000402457573,1600000000402457572,1600000000394978271,Food Menu,Bar Bites,,Golden Monkey Mix,0.00,0.0,0.00,0.00,0.00,0,0,0,0,0,0
1600000000402457575,1600000000402457574,1600000000394978271,Food Menu,Bar Bites,,Double Golden Monkey Mix,0.00,0.0,0.00,0.00,0.00,0,0,0,0,0,0
1600000000409820288,1600000000410183868,,Food Menu,Gyros,,,16.42,65.0,1067.62,112.78,954.84,0,0.04797047970479705,0.014567458538771852,0,0.05333964950815954,0.02392710907077096
1600000000410047388,1600000000410320826,1600000000409820288,Food Menu,Gyros,,Falafel Gyro,13.99,3.0,41.97,0.00,41.97,0.046153846153846156,0.002214022140221402,6.723442402510085E-4,0.04395500816890788,0.0023445447298578357,0.0010517162746640873
1600000000410047389,1600000000410320827,1600000000409820288,Food Menu,Gyros,,Chicken Gyro,14.99,12.0,179.88,47.22,132.66,0.18461538461538463,0.008856088560885609,0.002689376961004034,0.13893427171044362,0.007410705357706468,0.003324295472883913
1600000000449341364,1600000000449364881,1600000000409820288,Food Menu,Gyros,,Lamb Gyro,16.025,32.0,512.80,65.56,447.24,0.49230769230769234,0.023616236162361623,0.007171671896010758,0.46839261028025636,0.02498389766456084,0.01120728107411881
1600000000505928533,1600000000505928532,1600000000409820288,Food Menu,Gyros,,Combo gyro,19.484,10.0,194.84,0.00,194.84,0.15384615384615385,0.007380073800738007,0.0022411474675033617,0.2040551296552302,0.01088422909615203,0.004882449343711003
1600000000505963786,1600000000505963785,1600000000409820288,Food Menu,Gyros,,Steak gyro,17.26625,8.0,138.13,0.00,138.13,0.12307692307692308,0.005904059040590406,0.0017929179740026895,0.1446629801851619,0.007716272659882365,0.003461366905393147
1600000000417377179,1600000000417450547,,Food Menu,5 Monkey's Classics,,,25.05,68.0,1703.12,155.08,1548.04,0,0.05018450184501845,0.01523980277902286,0,0.08647722238763697,0.03879196716299723
1600000000417580100,1600000000417450548,1600000000417377179,Food Menu,5 Monkey's Classics,,Rib Eye Steak,26.717272727272725,32.0,851.68,86.97,764.71,0.47058823529411764,0.023616236162361623,0.007171671896010758,0.4939859435156715,0.0427185322937714,0.01916268649984213
1600000000417375329,1600000000417348640,1600000000417377179,Food Menu,5 Monkey's Classics,,New York Steak,25.99,9.0,233.91,35.98,197.93,0.1323529411764706,0.006642066420664207,0.0020170327207530256,0.12785845326994136,0.011056843897564008,0.0049598809207591806
1600000000417581806,1600000000417449813,1600000000417377179,Food Menu,5 Monkey's Classics,,Lamb Chops,23.083333333333332,27.0,617.53,32.13,585.40,0.39705882352941174,0.01992619926199262,0.006051098162259076,0.37815560321438724,0.03270184619630157,0.014669399742395919
1600000000463104719,1600000000463104720,1600000000417377179,Food Menu,5 Monkey's Classics,,T Bone Steak,0.00,0.0,0.00,0.00,0.00,0,0,0,0,0,0
1600000000613835251,1600000000613835250,1600000000417377179,Food Menu,5 Monkey's Classics,,Beef Ribs,0.00,0.0,0.00,0.00,0.00,0,0,0,0,0,0
1600000000417310946,1600000000417348648,1600000000417377179,Food Menu,5 Monkey's Classics,,Chicken Succatash,17.99,0.0,0.00,0.00,0.00,0.0,0.0,0.0,0.0,0.0,0.0
1600000000459007378,1600000000459217317,,Food Menu,Sides,,,3.66,55.0,201.32,9.80,191.52,0,0.04059040590405904,0.012326311071268489,0,0.010698765943825893,0.004799254251219109
1600000000458632931,1600000000459705286,1600000000459007378,Food Menu,Sides,,Side Rice,5.1066666666666665,3.0,15.32,4.99,10.33,0.05454545454545454,0.002214022140221402,6.723442402510085E-4,0.053936925647451964,5.770585432316284E-4,2.588570197112228E-4
1600000000459000796,1600000000459622206,1600000000459007378,Food Menu,Sides,,Side Fries,3.5285714285714285,41.0,144.71,4.01,140.70,0.7454545454545455,0.03025830258302583,0.009188704616763783,0.7346491228070174,0.007859839015749284,0.0035257679257859682
1600000000700919600,1600000000700917699,1600000000459007378,Food Menu,Sides,,Pita,3.5900000000000003,9.0,32.31,0.35,31.96,0.16363636363636364,0.006642066420664207,0.0020170327207530256,0.16687552213868004,0.0017853621531154736,8.008780590484688E-4
1600000000750390633,1600000000750390632,1600000000459007378,Food Menu,Sides,,Salad,0.00,0.0,0.00,0.00,0.00,0,0,0,0,0,0
1600000000871281758,1600000000871281757,1600000000459007378,Food Menu,Sides,,Sub Onion Rings,4.49,2.0,8.98,0.45,8.53,0.03636363636363636,0.0014760147601476014,4.4822949350067237E-4,0.044538429406850454,4.765062317295053E-4,2.1375124667344922E-4
1600000001243998080,1600000001243998079,1600000000459007378,Food Menu,Sides,,Onion Lemon Salad,0.00,0.0,0.00,0.00,0.00,0,0,0,0,0,0
1600000001251127297,1600000001251121635,1600000000459007378,Food Menu,Sides,,Side SauceS,0.00,0.0,0.00,0.00,0.00,0,0,0,0,0,0
1600000000533600834,1600000000533600833,,Food Menu,Roadrunner Specials,,,0.00,0.0,0.00,0.00,0.00,0,0,0,0,0,0
1600000000840475155,1600000000840475154,,Food Menu,Mandi,,,33.03,27.0,891.73,59.56,832.17,0,0.01992619926199262,0.006051098162259076,0,0.04648700947928985,0.02085315063824669
1600000000840478404,1600000000840478403,1600000000840475155,Food Menu,Mandi,,Juicy Chicken Mandi,17.99,12.0,215.88,0.00,215.88,0.4444444444444444,0.008856088560885609,0.002689376961004034,0.259418147734237,0.01205957389282129,0.005409685712996978
1600000000840478406,1600000000840478405,1600000000840475155,Food Menu,Mandi,,Juicly Paneer Mandi,16.99,3.0,50.97,0.00,50.97,0.1111111111111111,0.002214022140221402,6.723442402510085E-4,0.06124950430801399,0.0028473062873684506,0.0012772451398529552
1600000000942402359,1600000000942402358,1600000000840475155,Food Menu,Mandi,,2 Juicy Chicken Mandi,34.99,4.0,139.96,10.50,129.46,0.14814814814814814,0.002952029520295203,8.964589870013447E-4,0.15556917456769653,0.0072319456928138055,0.0032441074319278715
1600000000942402361,1600000000942402360,1600000000840475155,Food Menu,Mandi,,4 Juicy Chicken Mandi,67.99,3.0,203.97,19.32,184.65,0.1111111111111111,0.002214022140221402,6.723442402510085E-4,0.22188975810231085,0.010314991288259455,0.004627100550791607
1600000000942417802,1600000000942417801,1600000000840475155,Food Menu,Mandi,,2 Juicy paneer Mandi for 2,32.99,1.0,32.99,0.00,32.99,0.037037037037037035,7.380073800738007E-4,2.2411474675033618E-4,0.03964334210557939,0.0018429004202527998,8.266885847311948E-4
1600000000942417804,1600000000942417803,1600000000840475155,Food Menu,Mandi,,4 Juicy Paneer mandi for 4,0.00,0.0,0.00,0.00,0.00,0,0,0,0,0,0
1600000001036528465,1600000001036528464,1600000000840475155,Food Menu,Mandi,,Juicy Lamb Shank Mandi,22.99,1.0,22.99,22.99,0.00,0.037037037037037035,7.380073800738007E-4,2.2411474675033618E-4,0.0,0.0,0.0
1600000001036559163,1600000001036559162,1600000000840475155,Food Menu,Mandi,,2 Juicy Lamb Shank Mandi,44.99,1.0,44.99,2.25,42.74,0.037037037037037035,7.380073800738007E-4,2.2411474675033618E-4,0.051359698138601494,0.0023875587742226327,0.001071011522019135
1600000001036559165,1600000001036559164,1600000000840475155,Food Menu,Mandi,,4 Juicy Lamb Shank Mandi,89.99000000000001,2.0,179.98,4.50,175.48,0.07407407407407407,0.0014760147601476014,4.4822949350067237E-4,0.21087037504356082,0.009802733123551417,0.004397311695926949
,,,Hookah,,,,20.41,45.0,914.55,10.00,904.55,0,0,0.010085163603765128,0,0,0.022666903889621164
1600000000375910688,1600000000375910687,,Hookah,Everyday Escape,,,19.99,40.0,799.60,10.00,789.60,0,0.8888888888888888,0.008964589870013447,0,0.8729202365817258,0.019786399105903345
1600000000375910690,1600000000375910689,1600000000375910688,Hookah,Everyday Escape,,Paan Raas,19.99,17.0,339.83,8.00,331.83,0.425,0.37777777777777777,0.003809950694755715,0.4202507598784194,0.3668453927367199,0.00831524925951356
1600000000375910692,1600000000375910691,1600000000375910688,Hookah,Everyday Escape,,lychee,19.99,1.0,19.99,0.00,19.99,0.025,0.022222222222222223,2.2411474675033618E-4,0.025316616008105367,0.022099386435244044,5.009246683472744E-4
1600000000375910694,1600000000375910693,1600000000375910688,Hookah,Everyday Escape,,Grape with berry,19.990000000000002,5.0,99.95,0.00,99.95,0.125,0.1111111111111111,0.0011205737337516809,0.12658308004052685,0.11049693217622023,0.002504623341736372
1600000000375910696,1600000000375910695,1600000000375910688,Hookah,Everyday Escape,,Diamond Dust,0.00,0.0,0.00,0.00,0.00,0,0,0,0,0,0
1600000000375910698,1600000000375910697,1600000000375910688,Hookah,Everyday Escape,,Dream Scape,0.00,0.0,0.00,0.00,0.00,0,0,0,0,0,0
1600000000375910750,1600000000375910699,1600000000375910688,Hookah,Everyday Escape,,Magic love,19.99,1.0,19.99,0.00,19.99,0.025,0.022222222222222223,2.2411474675033618E-4,0.025316616008105367,0.022099386435244044,5.009246683472744E-4
1600000000375910752,1600000000375910751,1600000000375910688,Hookah,Everyday Escape,,Double Apple,19.990000000000002,8.0,159.92,2.00,157.92,0.2,0.17777777777777778,0.0017929179740026895,0.19999999999999998,0.17458404731634514,0.003957279821180669
1600000000375910754,1600000000375910753,1600000000375910688,Hookah,Everyday Escape,,Kiwi,19.99,2.0,39.98,0.00,39.98,0.05,0.044444444444444446,4.4822949350067237E-4,0.050633232016210734,0.04419877287048809,0.0010018493366945487
1600000000375910756,1600000000375910755,1600000000375910688,Hookah,Everyday Escape,,Mint,0.00,0.0,0.00,0.00,0.00,0,0,0,0,0,0
1600000000375910758,1600000000375910757,1600000000375910688,Hookah,Everyday Escape,,Mango,0.00,0.0,0.00,0.00,0.00,0,0,0,0,0,0
1600000000375910760,1600000000375910759,1600000000375910688,Hookah,Everyday Escape,,Berry flavor,0.00,0.0,0.00,0.00,0.00,0,0,0,0,0,0
1600000000375910762,1600000000375910761,1600000000375910688,Hookah,Everyday Escape,,Gum with Mint,19.99,1.0,19.99,0.00,19.99,0.025,0.022222222222222223,2.2411474675033618E-4,0.025316616008105367,0.022099386435244044,5.009246683472744E-4
1600000000375910764,1600000000375910763,1600000000375910688,Hookah,Everyday Escape,,Citrus Breeze,19.99,1.0,19.99,0.00,19.99,0.025,0.022222222222222223,2.2411474675033618E-4,0.025316616008105367,0.022099386435244044,5.009246683472744E-4
1600000000375910766,1600000000375910765,1600000000375910688,Hookah,Everyday Escape,,Blueberry with mint,19.99,4.0,79.96,0.00,79.96,0.1,0.08888888888888889,8.964589870013447E-4,0.10126646403242147,0.08839754574097618,0.0020036986733890975
1600000000421271833,1600000000421208385,1600000000375910688,Hookah,Everyday Escape,,Refill,0.00,0.0,0.00,0.00,0.00,0,0,0,0,0,0
1600000000375910768,1600000000375910767,,Hookah,Elite Escape,,,22.99,5.0,114.95,0.00,114.95,0,0.1111111111111111,0.0011205737337516809,0,0.1270797634182743,0.0028805047837178184
1600000000375910770,1600000000375910769,1600000000375910768,Hookah,Elite Escape,,sex on the beach,0.00,0.0,0.00,0.00,0.00,0,0,0,0,0,0
1600000000375910772,1600000000375910771,1600000000375910768,Hookah,Elite Escape,,strawberry daiquiri,0.00,0.0,0.00,0.00,0.00,0,0,0,0,0,0
1600000000375910774,1600000000375910773,1600000000375910768,Hookah,Elite Escape,,pina colada,22.99,0.0,0.00,0.00,0.00,0.0,0.0,0.0,0.0,0.0,0.0
1600000000375910776,1600000000375910775,1600000000375910768,Hookah,Elite Escape,,Exotic watermelon,22.99,1.0,22.99,0.00,22.99,0.2,0.022222222222222223,2.2411474675033618E-4,0.19999999999999998,0.025415952683654857,5.761009567435637E-4
1600000000375910778,1600000000375910777,1600000000375910768,Hookah,Elite Escape,,Exotic mango,22.99,4.0,91.96,0.00,91.96,0.8,0.08888888888888889,8.964589870013447E-4,0.7999999999999999,0.10166381073461943,0.0023044038269742547
1600000000422492300,1600000000421802281,1600000000375910768,Hookah,Elite Escape,,refill,0.00,0.0,0.00,0.00,0.00,0,0,0,0,0,0
,,,Beverage Menu,,,,7.362167403878869,2818.0,19916.30,378.77,19537.53,0,0,0.6315553563424473,0,0,0.48958632994371803
1600000000375934434,1600000000375934433,,Beverage Menu,Beer,,,5.80,1139.0,6601.75,119.88,6481.87,0,0.4041873669268985,0.2552666965486329,0,0.3317650695865854,0.1624276428224186
1600000000375992026,1600000000375992025,1600000000375934434,Beverage Menu,Beer,Draft Beer,,6.05,641.0,3878.00,71.84,3806.16,0,0.5627743634767339,0.14365755266696548,0,0.5872009157851052,0.09537766061414016
1600000000375910786,1600000000375910785,1600000000375992026,Beverage Menu,Beer,Draft Beer,Bud Light,5.75,54.0,310.50,5.18,305.32,0.0842433697347894,0.04741000877963126,0.012102196324518153,0.08021733190407129,0.0471036907559084,0.00765094145771835
1600000000375910789,1600000000375910788,1600000000375992026,Beverage Menu,Beer,Draft Beer,Michelob Ultra,5.75,235.0,1351.25,7.69,1343.56,0.3666146645865835,0.20632133450395082,0.052666965486329,0.3529961956407508,0.20727968934890703,0.03366795134590615
1600000000375910792,1600000000375910791,1600000000375992026,Beverage Menu,Beer,Draft Beer,Firestone,5.517857142857143,25.0,138.00,11.00,127.00,0.0390015600624025,0.021949078138718173,0.005602868668758404,0.03336696302835404,0.01959311124721724,0.003182462875442914
1600000000375910794,1600000000375910793,1600000000375992026,Beverage Menu,Beer,Draft Beer,Corona Extra,6.45,30.0,193.50,0.78,192.72,0.046801872074883,0.02633889376646181,0.006723442402510085,0.05063370956554638,0.029732160626485874,0.004829324766577625
1600000000375910798,1600000000375910797,1600000000375992026,Beverage Menu,Beer,Draft Beer,Modelo,6.25,102.0,637.50,5.36,632.14,0.15912636505460218,0.08955223880597014,0.02285970416853429,0.16608340164365135,0.09752432554185751,0.015840646315610107
1600000000375910850,1600000000375910799,1600000000375992026,Beverage Menu,Beer,Draft Beer,Karbach Hopadillo IPA,6.293918918918919,71.0,446.75,10.61,436.14,0.11076443057722309,0.06233538191395961,0.01591214701927387,0.11458793114319944,0.0672861381052073,0.01092912880705254
1600000000375910853,1600000000375910852,1600000000375992026,Beverage Menu,Beer,Draft Beer,Electric JellyFish IPA,6.472222222222222,44.0,285.50,24.97,260.53,0.0686427457098284,0.038630377524143986,0.009861048857014791,0.06844956596674863,0.040193647820767765,0.00652855947196175
1600000000375910855,1600000000375910854,1600000000375992026,Beverage Menu,Beer,Draft Beer,Stella Artois,6.435185185185185,80.0,515.00,6.25,508.75,0.12480499219968799,0.07023705004389816,0.017929179740026894,0.1336649011076781,0.0784881523387541,0.012748645573870728
1600000000375992028,1600000000375992027,1600000000375934434,Beverage Menu,Beer,Can,,5.65,84.0,474.99,27.50,447.49,0,0.07374890254609306,0.01882563872702824,0,0.06903717600013577,0.0112135457648185
1600000000375910859,1600000000375910858,1600000000375992028,Beverage Menu,Beer,Can,WhiteClaw Mango,5.25,5.0,26.25,0.00,26.25,0.05952380952380952,0.004389815627743635,0.0011205737337516809,0.058660528726898926,0.0040497572459799415,6.577925234675314E-4
1600000000375910861,1600000000375910860,1600000000375992028,Beverage Menu,Beer,Can,Whiteclaw blackberry,5.25,12.0,63.00,0.69,62.31,0.14285714285714285,0.010535557506584723,0.002689376961004034,0.13924333504659323,0.00961296662845753,0.001561411509990929
1600000000375910863,1600000000375910862,1600000000375992028,Beverage Menu,Beer,Can,Whiteclaw Lime,5.25,4.0,21.00,0.26,20.74,0.047619047619047616,0.003511852502194908,8.964589870013447E-4,0.046347404411271755,0.003199693915490437,5.197187404463467E-4
1600000000375910865,1600000000375910864,1600000000375992028,Beverage Menu,Beer,Can,Whiteclaw green apple,5.25,7.0,36.75,0.00,36.75,0.08333333333333333,0.006145741878841089,0.0015688032272523531,0.08212474021765849,0.005669660144371917,9.209095328545439E-4
1600000000375910867,1600000000375910866,1600000000375992028,Beverage Menu,Beer,Can,Whiteclaw strawberry,5.25,1.0,5.25,0.00,5.25,0.011904761904761904,8.77963125548727E-4,2.2411474675033618E-4,0.011732105745379785,8.099514491959882E-4,1.3155850469350627E-4
1600000000375910870,1600000000375910869,1600000000375992028,Beverage Menu,Beer,Can,2 Hoots Hard Iced Tea,5.75,2.0,11.50,8.84,2.66,0.023809523809523808,0.001755926251097454,4.4822949350067237E-4,0.005944266910992425,4.103754009259674E-4,6.665630904470985E-5
1600000000375910872,1600000000375910871,1600000000375992028,Beverage Menu,Beer,Can,Pinthouse Electric Jellyfish Hazy IPA,6.5,9.0,58.50,0.46,58.04,0.10714285714285714,0.007901668129938543,0.0020170327207530256,0.1297012223736843,0.00895420611644479,0.0014544105928402105
1600000000375910874,1600000000375910873,1600000000375992028,Beverage Menu,Beer,Can,Sierra Nevada Big Little Thing,5.75,16.0,92.00,0.00,92.00,0.19047619047619047,0.014047410008779631,0.003585835948005379,0.2055911863952267,0.014193434919243984,0.0023054061774862053
1600000000375910876,1600000000375910875,1600000000375992028,Beverage Menu,Beer,Can,Budweiser,5.75,8.0,46.00,5.75,40.25,0.09523809523809523,0.007023705004389816,0.0017929179740026895,0.08994614404791168,0.006209627777169243,0.0010086152026502148
1600000000375910882,1600000000375910881,1600000000375992028,Beverage Menu,Beer,Can,Voodoo Ranger Juicy haze,6.5,0.0,0.00,0.00,0.00,0.0,0.0,0.0,0.0,0.0,0.0
1600000000375910884,1600000000375910883,1600000000375992028,Beverage Menu,Beer,Can,Kona Big Wave Golden Ale,5.75,5.0,28.75,0.00,28.75,0.05952380952380952,0.004389815627743635,0.0011205737337516809,0.06424724574850835,0.004435448412263745,7.204394304644392E-4
1600000000375910886,1600000000375910885,1600000000375992028,Beverage Menu,Beer,Can,Cayman Jack Margarita,0.00,0.0,0.00,0.00,0.00,0,0,0,0,0,0
1600000000375910888,1600000000375910887,1600000000375992028,Beverage Menu,Beer,Can,Firestone Walker 805,5.75,10.0,57.50,11.50,46.00,0.11904761904761904,0.00877963125548727,0.0022411474675033617,0.10279559319761335,0.007096717459621992,0.0011527030887431026
1600000000375910890,1600000000375910889,1600000000375992028,Beverage Menu,Beer,Can,High Brew Double Espresso,0.00,0.0,0.00,0.00,0.00,0,0,0,0,0,0
1600000000375910892,1600000000375910891,1600000000375992028,Beverage Menu,Beer,Can,High Brew Mexican Vanilla,0.00,0.0,0.00,0.00,0.00,0,0,0,0,0,0
1600000000375910894,1600000000375910893,1600000000375992028,Beverage Menu,Beer,Can,Topo Chico Hard Seltzer,0.00,0.0,0.00,0.00,0.00,0,0,0,0,0,0
1600000000375910896,1600000000375910895,1600000000375992028,Beverage Menu,Beer,Can,Austin Eastciders Pineapple Cider,5.75,2.0,11.50,0.00,11.50,0.023809523809523808,0.001755926251097454,4.4822949350067237E-4,0.025698898299403337,0.001774179364905498,2.8817577218577566E-4
1600000001078260624,1600000001078260623,1600000000375992028,Beverage Menu,Beer,Can,Guinness,5.2475,3.0,16.99,0.00,16.99,0.03571428571428571,0.0026338893766461808,6.723442402510085E-4,0.03796732887885763,0.0026211571660647312,4.2574837995098505E-4
1600000000375992030,1600000000375992029,1600000000375934434,Beverage Menu,Beer,Bottle,,5.40,413.0,2228.76,20.54,2208.22,0,0.36259877085162423,0.09255939040788884,0,0.34067637888448854,0.05533526118748465
1600000000375910900,1600000000375910899,1600000000375992030,Beverage Menu,Beer,Bottle,BTL Shinerbock,5.25,30.0,157.50,3.15,154.35,0.07263922518159806,0.02633889376646181,0.006723442402510085,0.06989792683699994,0.02381257260636205,0.0038678200379890846
1600000000375910902,1600000000375910901,1600000000375992030,Beverage Menu,Beer,Bottle,BTL budweiser,5.25,5.0,26.25,0.00,26.25,0.012106537530266344,0.004389815627743635,0.0011205737337516809,0.01188740252329931,0.0040497572459799415,6.577925234675314E-4
1600000000375910904,1600000000375910903,1600000000375992030,Beverage Menu,Beer,Bottle,BTL Dos equis,5.429572649572649,117.0,635.26,0.00,635.26,0.28329297820823246,0.10272168568920105,0.02622142536978933,0.2876796695981379,0.09800566811737971,0.015918829655542248
1600000000375910906,1600000000375910905,1600000000375992030,Beverage Menu,Beer,Bottle,BTL Voodoo Ranger IPA,0.00,0.0,0.00,0.00,0.00,0,0,0,0,0,0
1600000000375910908,1600000000375910907,1600000000375992030,Beverage Menu,Beer,Bottle,BTL Heineken,5.25,9.0,47.25,0.37,46.88,0.021791767554479417,0.007901668129938543,0.0020170327207530256,0.02122976877303892,0.007232480750153892,0.0011747548000060142
1600000000375910910,1600000000375910909,1600000000375992030,Beverage Menu,Beer,Bottle,BTL Corona Extra,6.0,53.0,318.00,2.40,315.60,0.12832929782082325,0.046532045654082525,0.011878081577767817,0.14292054233726714,0.04868965283166741,0.007908545539289635
1600000000375910912,1600000000375910911,1600000000375992030,Beverage Menu,Beer,Bottle,BTL Seagram's Variety Pack,0.00,0.0,0.00,0.00,0.00,0,0,0,0,0,0
1600000000375910914,1600000000375910913,1600000000375992030,Beverage Menu,Beer,Bottle,BTL Jarritos Flavors of Mexico Variety,5.0,1.0,5.00,0.00,5.00,0.002421307506053269,8.77963125548727E-4,2.2411474675033618E-4,0.0022642671472951066,7.713823325676078E-4,1.252938139938155E-4
1600000000473408902,1600000000472353996,1600000000375992030,Beverage Menu,Beer,Bottle,Btl budlight,5.25,12.0,63.00,0.00,63.00,0.029055690072639227,0.010535557506584723,0.002689376961004034,0.028529766055918344,0.009719417390351858,0.0015787020563220754
1600000000473945721,1600000000473945720,1600000000375992030,Beverage Menu,Beer,Bottle,Bluemoon,5.25,11.0,57.75,5.77,51.98,0.026634382566585957,0.009657594381035996,0.002465262214253698,0.023539321263279928,0.00801929072937285,0.001302554490279706
1600000000473945723,1600000000473945722,1600000000375992030,Beverage Menu,Beer,Bottle,Ultra,5.25,65.0,341.25,6.50,334.75,0.15738498789346247,0.05706760316066725,0.014567458538771852,0.1515926855114074,0.051644047165401344,0.008388420846885947
1600000000518019079,1600000000518019078,1600000000375992030,Beverage Menu,Beer,Bottle,Btl Miller Lite,5.25,39.0,204.75,0.78,203.97,0.09443099273607748,0.03424056189640035,0.00874047512326311,0.09236851400675658,0.03146777087476299,0.00511123584806371
1600000000518023053,1600000000518023052,1600000000375992030,Beverage Menu,Beer,Bottle,Btl Lonestar,5.25,4.0,21.00,0.00,21.00,0.009685230024213076,0.003511852502194908,8.964589870013447E-4,0.009509922018639448,0.0032398057967839527,5.262340187740251E-4
1600000000518037775,1600000000518037774,1600000000375992030,Beverage Menu,Beer,Bottle,Btl CoorsLite,5.25,39.0,204.75,1.57,203.18,0.09443099273607748,0.03424056189640035,0.00874047512326311,0.09201075979748395,0.031345892466217315,0.0050914394254526875
1600000000637756236,1600000000637756235,1600000000375992030,Beverage Menu,Beer,Bottle,Yuengling,5.25,28.0,147.00,0.00,147.00,0.06779661016949153,0.024582967515364356,0.0062752129090094125,0.06656945413047613,0.02267864057748767,0.0036836381314181758
1600000000637699171,1600000000637699170,1600000000375934434,Beverage Menu,Beer,Buckets,,20.00,1.0,20.00,0.00,20.00,0,8.77963125548727E-4,2.2411474675033618E-4,0,0.0030855293302704313,5.01175255975262E-4
1600000000637701413,1600000000637701412,1600000000637699171,Beverage Menu,Beer,Buckets,D Bucket-5,20.0,1.0,20.00,0.00,20.00,1.0,8.77963125548727E-4,2.2411474675033618E-4,1.0,0.0030855293302704313,5.01175255975262E-4
1600000000375999633,1600000000375999632,,Beverage Menu,Wine,,,8.44,12.0,101.25,0.00,101.25,0,0.0042583392476933995,0.002689376961004034,0,0.0051823336931536386,0.002537199733374764
1600000000376001491,1600000000376001490,1600000000375999633,Beverage Menu,Wine,Red Glass,,8.25,5.0,41.25,0.00,41.25,0,0.4166666666666667,0.0011205737337516809,0,0.4074074074074074,0.0010336739654489779
1600000000375910918,1600000000375910917,1600000000376001491,Beverage Menu,Wine,Red Glass,G - House Pinot Noir,8.25,5.0,41.25,0.00,41.25,1.0,0.4166666666666667,0.0011205737337516809,1.0,0.4074074074074074,0.0010336739654489779
1600000000376001493,1600000000376001492,1600000000375999633,Beverage Menu,Wine,Red Bottle,,0.00,0.0,0.00,0.00,0.00,0,0,0,0,0,0
1600000000375910922,1600000000375910921,1600000000376001493,Beverage Menu,Wine,Red Bottle,B - House Pinot Noir,0.00,0.0,0.00,0.00,0.00,0,0,0,0,0,0
1600000000376001495,1600000000376001494,1600000000375999633,Beverage Menu,Wine,White Glass,,7.50,3.0,22.50,0.00,22.50,0,0.25,6.723442402510085E-4,0,0.2222222222222222,5.638221629721698E-4
1600000000375910926,1600000000375910925,1600000000376001495,Beverage Menu,Wine,White Glass,G - House Pinot Grigio,7.5,3.0,22.50,0.00,22.50,1.0,0.25,6.723442402510085E-4,1.0,0.2222222222222222,5.638221629721698E-4
1600000000376001497,1600000000376001496,1600000000375999633,Beverage Menu,Wine,White Bottle,,0.00,0.0,0.00,0.00,0.00,0,0,0,0,0,0
1600000000375910930,1600000000375910929,1600000000376001497,Beverage Menu,Wine,White Bottle,B - House Pinot Grigio,0.00,0.0,0.00,0.00,0.00,0,0,0,0,0,0
1600000000376001499,1600000000376001498,1600000000375999633,Beverage Menu,Wine,Rose Glass,,9.51,1.0,9.51,0.00,9.51,0,0.08333333333333333,2.2411474675033618E-4,0,0.09392592592592593,2.383088342162371E-4
1600000000375910934,1600000000375910933,1600000000376001499,Beverage Menu,Wine,Rose Glass,G - House Rose,9.51,1.0,9.51,0.00,9.51,1.0,0.08333333333333333,2.2411474675033618E-4,1.0,0.09392592592592593,2.383088342162371E-4
1600000000376002651,1600000000376002650,1600000000375999633,Beverage Menu,Wine,Sparkling Bottle,,40.0,0.0,0.00,0.00,0.00,0,0.0,0.0,0,0.0,0.0
1600000000375910938,1600000000375910937,1600000000376002651,Beverage Menu,Wine,Sparkling Bottle,B - House Champagne,40.0,0.0,0.00,0.00,0.00,0,0.0,0.0,0,0.0,0.0
1600000000450131653,1600000000450148051,1600000000375999633,Beverage Menu,Wine,Premium,,0.00,0.0,0.00,0.00,0.00,0,0,0,0,0,0
1600000000450102341,1600000000450106323,1600000000375999633,Beverage Menu,Wine,In stock,,8.99,1.0,8.99,0.00,8.99,0,0.08333333333333333,2.2411474675033618E-4,0,0.08879012345679013,2.252782775608803E-4
1600000000450195050,1600000000450195101,1600000000450102341,Beverage Menu,Wine,In stock,Cabernet,8.99,1.0,8.99,0.00,8.99,1.0,0.08333333333333333,2.2411474675033618E-4,1.0,0.08879012345679013,2.252782775608803E-4
1600000000449814040,1600000000449809195,1600000000450102341,Beverage Menu,Wine,In stock,Chardonna,0.00,0.0,0.00,0.00,0.00,0,0,0,0,0,0
1600000000450099846,1600000000450102033,1600000000450102341,Beverage Menu,Wine,In stock,Merlot,0.00,0.0,0.00,0.00,0.00,0,0,0,0,0,0
1600000000450103225,1600000000450164517,1600000000450102341,Beverage Menu,Wine,In stock,Moscato,0.00,0.0,0.00,0.00,0.00,0,0,0,0,0,0
1600000000450239601,1600000000450104079,1600000000450102341,Beverage Menu,Wine,In stock,Ramon Bilbao Garnacha,0.00,0.0,0.00,0.00,0.00,0,0,0,0,0,0
1600000000450104080,1600000000450255455,1600000000450102341,Beverage Menu,Wine,In stock,Ramon Bilbao Rose,0.00,0.0,0.00,0.00,0.00,0,0,0,0,0,0
1600000000449932139,1600000000450267604,1600000000450102341,Beverage Menu,Wine,In stock,Santa Cruz Sauvignon,0.00,0.0,0.00,0.00,0.00,0,0,0,0,0,0
1600000000450100196,1600000000450278653,1600000000450102341,Beverage Menu,Wine,In stock,Tobias Chardonnay,14.99,0.0,0.00,0.00,0.00,0.0,0.0,0.0,0.0,0.0,0.0
1600000000450267605,1600000000450288155,1600000000450102341,Beverage Menu,Wine,In stock,Tobias Formation,0.00,0.0,0.00,0.00,0.00,0,0,0,0,0,0
1600000000450190314,1600000000450104919,1600000000450102341,Beverage Menu,Wine,In stock,Tobias Sauvignon,0.00,0.0,0.00,0.00,0.00,0,0,0,0,0,0
1600000000730019034,1600000000730019033,1600000000375999633,Beverage Menu,Wine,Proseco,,9.50,2.0,19.00,0.00,19.00,0,0.16666666666666666,4.4822949350067237E-4,0,0.18765432098765433,4.7611649317649894E-4
1600000000730028153,1600000000730028152,1600000000730019034,Beverage Menu,Wine,Proseco,Mini Bottle,9.5,2.0,19.00,0.00,19.00,1.0,0.16666666666666666,4.4822949350067237E-4,1.0,0.18765432098765433,4.7611649317649894E-4
1600000000375910940,1600000000375910939,,Beverage Menu,Vodka,,,7.55,421.0,3177.28,69.04,3108.24,0,0.14939673527324343,0.09435230838189153,0,0.15909073460155915,0.07788864888162741
1600000000375910942,1600000000375910941,1600000000375910940,Beverage Menu,Vodka,,Tito's texas,7.940561797752809,89.0,706.71,1.72,704.99,0.21140142517814728,0.03158268275372605,0.01994621246077992,0.22681324479448178,0.03608388573171737,0.0176661771855
1600000000375910944,1600000000375910943,1600000000375910940,Beverage Menu,Vodka,,Grey goose,7.25,12.0,87.00,0.00,87.00,0.028503562945368172,0.0042583392476933995,0.002689376961004034,0.02799011659331326,0.004452968210413496,0.00218011236349239
1600000000375910946,1600000000375910945,1600000000375910940,Beverage Menu,Vodka,,Ciroc watermelon,7.25,6.0,43.50,0.00,43.50,0.014251781472684086,0.0021291696238466998,0.001344688480502017,0.01399505829665663,0.002226484105206748,0.001090056181746195
1600000000375910948,1600000000375910947,1600000000375910940,Beverage Menu,Vodka,,Deep eddy lemon,6.25,13.0,81.25,0.00,81.25,0.030878859857482184,0.0046132008516678496,0.00291349170775437,0.026140195094329913,0.004158662840185018,0.002036024477399502
1600000000375910950,1600000000375910949,1600000000375910940,Beverage Menu,Vodka,,Deep eddy lime,6.25,4.0,25.00,0.00,25.00,0.009501187648456057,0.0014194464158978,8.964589870013447E-4,0.008043136952101512,0.001279588566210775,6.264690699690776E-4
1600000000375910952,1600000000375910951,1600000000375910940,Beverage Menu,Vodka,,Deep eddy peach,10.24,0.0,0.00,0.00,0.00,0.0,0.0,0.0,0.0,0.0,0.0
1600000000375910954,1600000000375910953,1600000000375910940,Beverage Menu,Vodka,,Absolut Espresso,0.00,0.0,0.00,0.00,0.00,0,0,0,0,0,0
1600000000375910956,1600000000375910955,1600000000375910940,Beverage Menu,Vodka,,Smirnoff,7.7491666666666665,12.0,92.99,0.52,92.47,0.028503562945368172,0.0042583392476933995,0.002689376961004034,0.02974995495843307,0.004732942188700414,0.002317183796001624
1600000000375910958,1600000000375910957,1600000000375910940,Beverage Menu,Vodka,,Smirnoff Peach,7.5,5.0,37.50,0.00,37.50,0.011876484560570071,0.0017743080198722497,0.0011205737337516809,0.012064705428152267,0.0019193828493161624,9.397036049536163E-4
1600000000421782879,1600000000421533125,1600000000375910940,Beverage Menu,Vodka,,Well,6.191801801801802,110.0,681.79,25.07,656.72,0.26128266033254155,0.03903477643718949,0.024652622142536978,0.2112835559673642,0.033613256128077605,0.016456590705203705
1600000000422756025,1600000000423431500,1600000000375910940,Beverage Menu,Vodka,,Lalo,9.5,93.0,883.50,11.50,872.00,0.2209026128266033,0.03300212916962385,0.020842671447781264,0.2805446168893007,0.04463204918943183,0.021851241160521423
1600000000422925181,1600000000424422337,1600000000375910940,Beverage Menu,Vodka,,Sun Cruiser,5.5,25.0,137.50,23.60,113.90,0.05938242280285035,0.008871540099361249,0.005602868668758404,0.03664453195377449,0.005829805507656291,0.0028541930827791174
1600000000423872375,1600000000423960994,1600000000375910940,Beverage Menu,Vodka,,Nutrl,5.5,28.0,154.00,3.85,150.15,0.0665083135391924,0.0099361249112846,0.0062752129090094125,0.04830708053432168,0.0076852089286619145,0.00376257323423428
1600000000429989663,1600000000429007772,1600000000375910940,Beverage Menu,Vodka,,Effen Cucumber,7.0,1.0,9.25,0.00,9.25,0.0023752969121140144,3.5486160397445E-4,2.2411474675033618E-4,0.0029759606722775593,4.734477694979867E-4,2.3179355588855868E-4
1600000000452184938,1600000000452312418,1600000000375910940,Beverage Menu,Vodka,,Deep Eddy Ruby Red,0.00,0.0,0.00,0.00,0.00,0,0,0,0,0,0
1600000000538282419,1600000000538282418,1600000000375910940,Beverage Menu,Vodka,,Kettle one,10.24,1.0,10.24,0.00,10.24,0.0023752969121140144,3.5486160397445E-4,2.2411474675033618E-4,0.0032944688955807793,5.241194767199335E-4,2.566017310593342E-4
1600000001055177416,1600000001055177415,1600000000375910940,Beverage Menu,Vodka,,Well dbl vodka,9.008333333333333,6.0,54.05,2.78,51.27,0.014251781472684086,0.0021291696238466998,0.001344688480502017,0.01649486526136978,0.0026241802315850574,0.0012847627686925843
1600000000376012440,1600000000376012439,1600000000375910940,Beverage Menu,Vodka,DBL Vodka,,10.81,16.0,173.00,0.00,173.00,0,0.03800475059382423,0.003585835948005379,0,0.05565850770854246,0.004335165964186017
1600000000375910962,1600000000375910961,1600000000376012440,Beverage Menu,Vodka,DBL Vodka,DBL Tito's texas,10.942307692307692,13.0,142.25,0.00,142.25,0.8125,0.030878859857482184,0.00291349170775437,0.8222543352601156,0.0457654492574576,0.003564609008124051
1600000000375910964,1600000000375910963,1600000000376012440,Beverage Menu,Vodka,DBL Vodka,DBL Grey goose,10.25,2.0,20.50,0.00,20.50,0.125,0.004750593824228029,4.4822949350067237E-4,0.11849710982658959,0.006595372300723239,5.137046373746435E-4
1600000000375910966,1600000000375910965,1600000000376012440,Beverage Menu,Vodka,DBL Vodka,DBL Ciroc watermelon,0.00,0.0,0.00,0.00,0.00,0,0,0,0,0,0
1600000000375910968,1600000000375910967,1600000000376012440,Beverage Menu,Vodka,DBL Vodka,DBL Deep eddy lemon,10.25,1.0,10.25,0.00,10.25,0.0625,0.0023752969121140144,2.2411474675033618E-4,0.059248554913294796,0.0032976861503616196,2.5685231868732177E-4
1600000000375910970,1600000000375910969,1600000000376012440,Beverage Menu,Vodka,DBL Vodka,DBL Deep eddy lime,0.00,0.0,0.00,0.00,0.00,0,0,0,0,0,0
1600000000375910972,1600000000375910971,1600000000376012440,Beverage Menu,Vodka,DBL Vodka,DBL Deep eddy peach,0.00,0.0,0.00,0.00,0.00,0,0,0,0,0,0
1600000000375910975,1600000000375910974,1600000000376012440,Beverage Menu,Vodka,DBL Vodka,DBL Absolut Espresso,0.00,0.0,0.00,0.00,0.00,0,0,0,0,0,0
1600000000375910978,1600000000375910977,1600000000376012440,Beverage Menu,Vodka,DBL Vodka,DBL Smirnoff,0.00,0.0,0.00,0.00,0.00,0,0,0,0,0,0
1600000000375910980,1600000000375910979,1600000000376012440,Beverage Menu,Vodka,DBL Vodka,DBL Smirnoff Peach,0.00,0.0,0.00,0.00,0.00,0,0,0,0,0,0
1600000000375910982,1600000000375910981,,Beverage Menu,Gin,,,7.02,12.0,84.21,0.00,84.21,0,0.0042583392476933995,0.002689376961004034,0,0.004310166126424374,0.0021101984152838405
1600000000375910984,1600000000375910983,1600000000375910982,Beverage Menu,Gin,,Taaka,0.00,0.0,0.00,0.00,0.00,0,0,0,0,0,0
1600000000375910986,1600000000375910985,1600000000375910982,Beverage Menu,Gin,,Hendricks,10.24,1.0,10.24,0.00,10.24,0.08333333333333333,3.5486160397445E-4,2.2411474675033618E-4,0.12160076000475004,5.241194767199335E-4,2.566017310593342E-4
1600000000375910988,1600000000375910987,1600000000375910982,Beverage Menu,Gin,,Tanqueray,6.25,2.0,12.50,0.00,12.50,0.16666666666666666,7.097232079489E-4,4.4822949350067237E-4,0.14843842774017338,6.397942831053875E-4,3.132345349845388E-4
1600000000375910990,1600000000375910989,1600000000375910982,Beverage Menu,Gin,,Bombay Saphire,6.25,4.0,25.00,0.00,25.00,0.3333333333333333,0.0014194464158978,8.964589870013447E-4,0.29687685548034676,0.001279588566210775,6.264690699690776E-4
1600000000421782879,1600000000421533125,1600000000375910982,Beverage Menu,Gin,,Well,7.294,5.0,36.47,0.00,36.47,0.4166666666666667,0.0017743080198722497,0.0011205737337516809,0.4330839567747299,0.0018666638003882784,9.138930792708902E-4
1600000000376017430,1600000000376017429,1600000000375910982,Beverage Menu,Gin,DBL Gin,,0.00,0.0,0.00,0.00,0.00,0,0,0,0,0,0
1600000000375910994,1600000000375910993,1600000000376017430,Beverage Menu,Gin,DBL Gin,DBL Taaka,0.00,0.0,0.00,0.00,0.00,0,0,0,0,0,0
1600000000375910996,1600000000375910995,1600000000376017430,Beverage Menu,Gin,DBL Gin,DBL Hendricks,0.00,0.0,0.00,0.00,0.00,0,0,0,0,0,0
1600000000375910998,1600000000375910997,1600000000376017430,Beverage Menu,Gin,DBL Gin,DBL Tanqueray,0.00,0.0,0.00,0.00,0.00,0,0,0,0,0,0
1600000000375911100,1600000000375910999,,Beverage Menu,Rum,,,6.01,30.0,180.25,11.34,168.91,0,0.0106458481192335,0.006723442402510085,0,0.00864541218874648,0.004232675624339075
1600000000375911102,1600000000375911101,1600000000375911100,Beverage Menu,Rum,,Bacardi light,0.00,0.0,0.00,0.00,0.00,0,0,0,0,0,0
1600000000375911104,1600000000375911103,1600000000375911100,Beverage Menu,Rum,,Castillo light,0.00,0.0,0.00,0.00,0.00,0,0,0,0,0,0
1600000000375911106,1600000000375911105,1600000000375911100,Beverage Menu,Rum,,Ron corina coconut,0.00,0.0,0.00,0.00,0.00,0,0,0,0,0,0
1600000000375911108,1600000000375911107,1600000000375911100,Beverage Menu,Rum,,Captain morgan spiced,0.00,0.0,0.00,0.00,0.00,0,0,0,0,0,0
1600000000375911110,1600000000375911109,1600000000375911100,Beverage Menu,Rum,,Captain morgan,0.00,0.0,0.00,0.00,0.00,0,0,0,0,0,0
1600000000375911112,1600000000375911111,1600000000375911100,Beverage Menu,Rum,,Malibu coconut,7.25,6.0,43.50,0.00,43.50,0.2,0.0021291696238466998,0.001344688480502017,0.25753359777396245,0.002226484105206748,0.001090056181746195
1600000000375911114,1600000000375911113,1600000000375911100,Beverage Menu,Rum,,Rum chata,0.00,0.0,0.00,0.00,0.00,0,0,0,0,0,0
1600000000421782879,1600000000421533125,1600000000375911100,Beverage Menu,Rum,,Well,5.5,23.0,126.50,8.86,117.64,0.7666666666666667,0.008161816891412349,0.005154639175257732,0.6964655733822745,0.006021231957161422,0.002947912855646491
1600000000376021106,1600000000376021105,1600000000375911100,Beverage Menu,Rum,DBL Rum,,10.25,1.0,10.25,2.48,7.77,0,0.03333333333333333,2.2411474675033618E-4,0,0.04600082884376295,1.9470658694638928E-4
1600000000375911118,1600000000375911117,1600000000376021106,Beverage Menu,Rum,DBL Rum,DBL Bacardi light,0.00,0.0,0.00,0.00,0.00,0,0,0,0,0,0
1600000000375911120,1600000000375911119,1600000000376021106,Beverage Menu,Rum,DBL Rum,DBL Castillo light,0.00,0.0,0.00,0.00,0.00,0,0,0,0,0,0
1600000000375911122,1600000000375911121,1600000000376021106,Beverage Menu,Rum,DBL Rum,DBL Ron corina coconut,0.00,0.0,0.00,0.00,0.00,0,0,0,0,0,0
1600000000375911124,1600000000375911123,1600000000376021106,Beverage Menu,Rum,DBL Rum,DBL Captain morgan spiced,0.00,0.0,0.00,0.00,0.00,0,0,0,0,0,0
1600000000375911126,1600000000375911125,1600000000376021106,Beverage Menu,Rum,DBL Rum,DBL Captain morgan,0.00,0.0,0.00,0.00,0.00,0,0,0,0,0,0
1600000000375911128,1600000000375911127,1600000000376021106,Beverage Menu,Rum,DBL Rum,DBL Malibu coconut,10.25,1.0,10.25,2.48,7.77,1.0,0.03333333333333333,2.2411474675033618E-4,1.0,0.04600082884376295,1.9470658694638928E-4
1600000000375911130,1600000000375911129,1600000000376021106,Beverage Menu,Rum,DBL Rum,DBL Rum chata,0.00,0.0,0.00,0.00,0.00,0,0,0,0,0,0
1600000000375911132,1600000000375911131,,Beverage Menu,Tequila,,,9.93,248.0,2461.94,27.84,2434.10,0,0.0880056777856636,0.055580457194083374,0,0.12458586116054589,0.060995534528469265
1600000000375911134,1600000000375911133,1600000000375911132,Beverage Menu,Tequila,,Torada Silver,0.00,0.0,0.00,0.00,0.00,0,0,0,0,0,0
1600000000375911136,1600000000375911135,1600000000375911132,Beverage Menu,Tequila,,Casamigos blanco,10.25,2.0,20.50,0.00,20.50,0.008064516129032258,7.097232079489E-4,4.4822949350067237E-4,0.008422004026128754,0.0010492626242928353,5.137046373746435E-4
1600000000375911138,1600000000375911137,1600000000375911132,Beverage Menu,Tequila,,Casamigos Reposado,11.25,2.0,22.50,0.00,22.50,0.008064516129032258,7.097232079489E-4,4.4822949350067237E-4,0.00924366295550717,0.0011516297095896975,5.638221629721698E-4
1600000000375911140,1600000000375911139,1600000000375911132,Beverage Menu,Tequila,,Espolon Blanco,7.433999999999999,64.0,475.96,6.63,469.33,0.25806451612903225,0.0227111426543648,0.014343343792021516,0.19281459266258577,0.02402197207118812,0.011760829144343486
1600000000375911142,1600000000375911141,1600000000375911132,Beverage Menu,Tequila,,Don julio silver,11.25,15.0,168.75,0.00,168.75,0.06048387096774194,0.00532292405961675,0.0033617212012550424,0.06932747216630376,0.008637222821922731,0.004228666222291273
1600000000375911144,1600000000375911143,1600000000375911132,Beverage Menu,Tequila,,Patron Silver,10.25,4.0,41.00,0.00,41.00,0.016129032258064516,0.0014194464158978,8.964589870013447E-4,0.016844008052257508,0.0020985252485856707,0.001027409274749287
1600000000375911146,1600000000375911145,1600000000375911132,Beverage Menu,Tequila,,Clase Azul,28.990000000000002,20.0,579.80,0.00,579.80,0.08064516129032258,0.007097232079488999,0.0044822949350067235,0.2381989236268025,0.029676218027560288,0.014529070670722845
1600000000375911149,1600000000375911148,1600000000375911132,Beverage Menu,Tequila,,Patron Reposado,10.25,7.0,71.75,0.00,71.75,0.028225806451612902,0.00248403122782115,0.0015688032272523531,0.02947701409145064,0.003672419185024924,0.0017979662308112525
1600000000422101851,1600000000421881446,1600000000375911132,Beverage Menu,Tequila,,well,6.0140625,63.0,379.40,20.71,358.69,0.2540322580645161,0.022356281050390347,0.01411922904527118,0.14736042068937186,0.018359024912565716,0.008988327628288337
1600000000427384761,1600000000427337274,1600000000375911132,Beverage Menu,Tequila,,Don Julio 70,13.49,4.0,53.96,0.00,53.96,0.016129032258064516,0.0014194464158978,8.964589870013447E-4,0.02216835791462964,0.0027618639613093366,0.001352170840621257
1600000000493639353,1600000000493639352,1600000000375911132,Beverage Menu,Tequila,,Don Julio Reposado,10.0,46.0,460.00,0.50,459.50,0.18548387096774194,0.016323633782824698,0.010309278350515464,0.18877613902469087,0.023518837846954042,0.011514501506031645
1600000000493667244,1600000000493667243,1600000000375911132,Beverage Menu,Tequila,,Jaja,9.25,2.0,18.50,0.00,18.50,0.008064516129032258,7.097232079489E-4,4.4822949350067237E-4,0.007600345096750339,9.468955389959734E-4,4.6358711177711735E-4
1600000000699445094,1600000000699445093,1600000000375911132,Beverage Menu,Tequila,,Herradura,0.00,0.0,0.00,0.00,0.00,0,0,0,0,0,0
1600000000714166807,1600000000714166806,1600000000375911132,Beverage Menu,Tequila,,Lunazul,7.248333333333334,6.0,43.49,0.00,43.49,0.024193548387096774,0.0021291696238466998,0.001344688480502017,0.017866973419333635,0.002225972269780264,0.0010898055941182072
1600000000745774090,1600000000745774089,1600000000375911132,Beverage Menu,Tequila,,Dobel,0.00,0.0,0.00,0.00,0.00,0,0,0,0,0,0
1600000000960122646,1600000000960122645,1600000000375911132,Beverage Menu,Tequila,,1800,7.25,2.0,14.50,0.00,14.50,0.008064516129032258,7.097232079489E-4,4.4822949350067237E-4,0.005957027237993509,7.421613684022494E-4,3.6335206058206497E-4
1600000001055189061,1600000001055189060,1600000000375911132,Beverage Menu,Tequila,,Well Dbl T,8.51,9.0,76.59,0.00,76.59,0.036290322580645164,0.00319375443577005,0.0020170327207530256,0.03146542870054641,0.00392014753144333,0.001919250642757266
1600000001117044327,1600000001117044326,1600000000375911132,Beverage Menu,Tequila,,Dbl lalo,15.26,1.0,15.26,0.00,15.26,0.004032258064516129,3.5486160397445E-4,2.2411474675033618E-4,0.006269257631157306,7.81060860815057E-4,3.823967203091249E-4
1600000000376024050,1600000000376023299,1600000000375911132,Beverage Menu,Tequila,DBL Tequila,,19.98,1.0,19.98,0.00,19.98,0,0.004032258064516129,2.2411474675033618E-4,0,0.008208372704490367,5.006740807192867E-4
1600000000375911203,1600000000375911202,1600000000376024050,Beverage Menu,Tequila,DBL Tequila,DBL Torada Silver,0.00,0.0,0.00,0.00,0.00,0,0,0,0,0,0
1600000000375911205,1600000000375911204,1600000000376024050,Beverage Menu,Tequila,DBL Tequila,DBL Casamigos blanco,0.00,0.0,0.00,0.00,0.00,0,0,0,0,0,0
1600000000375911207,1600000000375911206,1600000000376024050,Beverage Menu,Tequila,DBL Tequila,DBL Casamigos Reposado,0.00,0.0,0.00,0.00,0.00,0,0,0,0,0,0
1600000000375911209,1600000000375911208,1600000000376024050,Beverage Menu,Tequila,DBL Tequila,DBL Espolon Blanco,0.00,0.0,0.00,0.00,0.00,0,0,0,0,0,0
1600000000375911211,1600000000375911210,1600000000376024050,Beverage Menu,Tequila,DBL Tequila,DBL Don julio silver,0.00,0.0,0.00,0.00,0.00,0,0,0,0,0,0
1600000000375911213,1600000000375911212,1600000000376024050,Beverage Menu,Tequila,DBL Tequila,DBL Patron Silver,19.98,1.0,19.98,0.00,19.98,1.0,0.004032258064516129,2.2411474675033618E-4,1.0,0.008208372704490367,5.006740807192867E-4
1600000000375911215,1600000000375911214,1600000000376024050,Beverage Menu,Tequila,DBL Tequila,DBL Clase Azul,0.00,0.0,0.00,0.00,0.00,0,0,0,0,0,0
1600000000375911217,1600000000375911216,1600000000376024050,Beverage Menu,Tequila,DBL Tequila,DBL Patron Reposado,0.00,0.0,0.00,0.00,0.00,0,0,0,0,0,0
1600000000375911219,1600000000375911218,,Beverage Menu,Whiskey/Bourbon,,,8.48,212.0,1797.76,22.39,1775.37,0,0.07523066004258339,0.047512326311071267,0,0.09086972611174493,0.04448857571004004
1600000000375911221,1600000000375911220,1600000000375911219,Beverage Menu,Whiskey/Bourbon,,Jameson Irish,7.75,25.0,193.75,1.17,192.58,0.1179245283018868,0.008871540099361249,0.005602868668758404,0.10847316334059943,0.009856926643234842,0.004825816539785799
1600000000375911223,1600000000375911222,1600000000375911219,Beverage Menu,Whiskey/Bourbon,,Crown Royal Apple,7.5,34.0,255.00,0.00,255.00,0.16037735849056603,0.0120652945351313,0.00761990138951143,0.14363203163284274,0.013051803375349905,0.006389984513684591
1600000000375911225,1600000000375911224,1600000000375911219,Beverage Menu,Whiskey/Bourbon,,Crown Royal Peach,7.5,9.0,67.50,0.00,67.50,0.04245283018867924,0.00319375443577005,0.0020170327207530256,0.038020243667517196,0.0034548891287690922,0.0016914664889165093
1600000000375911227,1600000000375911226,1600000000375911219,Beverage Menu,Whiskey/Bourbon,,Crown Royal Vanilla,7.5,1.0,7.50,0.00,7.50,0.0047169811320754715,3.5486160397445E-4,2.2411474675033618E-4,0.004224471518613022,3.8387656986323246E-4,1.8794072099072325E-4
1600000000375911229,1600000000375911228,1600000000375911219,Beverage Menu,Whiskey/Bourbon,,Crown Royal Canadian Whiskey,7.5,15.0,112.50,1.50,111.00,0.07075471698113207,0.00532292405961675,0.0033617212012550424,0.06252217847547273,0.00568137323397584,0.0027815226706627044
1600000000375911231,1600000000375911230,1600000000375911219,Beverage Menu,Whiskey/Bourbon,,Rebecca creek,7.785,5.0,40.76,0.00,40.76,0.02358490566037736,0.0017743080198722497,0.0011205737337516809,0.0229585945464889,0.0020862411983500473,0.0010213951716775839
1600000000375911233,1600000000375911232,1600000000375911219,Beverage Menu,Whiskey/Bourbon,,Texas Ranger Peach,9.51,1.0,9.51,0.00,9.51,0.0047169811320754715,3.5486160397445E-4,2.2411474675033618E-4,0.005356629885601312,4.8675549058657875E-4,2.383088342162371E-4
1600000000375911235,1600000000375911234,1600000000375911219,Beverage Menu,Whiskey/Bourbon,,Texas Ranger Peanut butter,6.25,5.0,31.25,0.00,31.25,0.02358490566037736,0.0017743080198722497,0.0011205737337516809,0.017601964660887592,0.0015994857077634686,7.83086337461347E-4
1600000000375911237,1600000000375911236,1600000000375911219,Beverage Menu,Whiskey/Bourbon,,Bulleit Rye whiskey,11.25,1.0,9.24,0.00,9.24,0.0047169811320754715,3.5486160397445E-4,2.2411474675033618E-4,0.005204548910931243,4.7293593407150245E-4,2.3154296826057106E-4
1600000000375911239,1600000000375911238,1600000000375911219,Beverage Menu,Whiskey/Bourbon,,Makers mark bourbon,7.25,1.0,7.25,0.00,7.25,0.0047169811320754715,3.5486160397445E-4,2.2411474675033618E-4,0.004083655801325921,3.710806842011247E-4,1.8167603029103249E-4
1600000000375911241,1600000000375911240,1600000000375911219,Beverage Menu,Whiskey/Bourbon,,Mitchters Bourbon,0.00,0.0,0.00,0.00,0.00,0,0,0,0,0,0
1600000000375911243,1600000000375911242,1600000000375911219,Beverage Menu,Whiskey/Bourbon,,Buffalo trace Bourbon,0.00,0.0,0.00,0.00,0.00,0,0,0,0,0,0
1600000000375911245,1600000000375911244,1600000000375911219,Beverage Menu,Whiskey/Bourbon,,Woodford reserve Bourbon,8.946458333333334,37.0,372.43,15.19,357.24,0.17452830188679244,0.01312987934705465,0.008292245629762439,0.20122002737457545,0.01828480877572549,0.00895199242223013
1600000000375911247,1600000000375911246,1600000000375911219,Beverage Menu,Whiskey/Bourbon,,Bullet Bourbon,10.173809523809524,19.0,193.16,1.32,191.84,0.08962264150943396,0.00674237047551455,0.004258180188256387,0.10805634881742962,0.009819050821675003,0.004807273055314714
1600000000375911321,1600000000375911320,1600000000375911219,Beverage Menu,Whiskey/Bourbon,,Dewars white,0.00,0.0,0.00,0.00,0.00,0,0,0,0,0,0
1600000000375911323,1600000000375911322,1600000000375911219,Beverage Menu,Whiskey/Bourbon,,Buchanans 12,10.0,0.0,0.00,0.00,0.00,0.0,0.0,0.0,0.0,0.0,0.0
1600000000421782879,1600000000421533125,1600000000375911219,Beverage Menu,Whiskey/Bourbon,,Well,5.580810810810811,37.0,206.49,0.00,206.49,0.17452830188679244,0.01312987934705465,0.008292245629762439,0.11630814985045372,0.010568889721474517,0.005174383930316593
1600000000538092768,1600000000538092767,1600000000375911219,Beverage Menu,Whiskey/Bourbon,,Traveller,0.00,0.0,0.00,0.00,0.00,0,0,0,0,0,0
1600000000586004342,1600000000586004341,1600000000375911219,Beverage Menu,Whiskey/Bourbon,,Russels Reserve 10,0.00,0.0,0.00,0.00,0.00,0,0,0,0,0,0
1600000000673089475,1600000000673089474,1600000000375911219,Beverage Menu,Whiskey/Bourbon,,Sazerac Rye,11.49,1.0,11.49,0.00,11.49,0.0047169811320754715,3.5486160397445E-4,2.2411474675033618E-4,0.006471890366515149,5.880989050304721E-4,2.87925184557788E-4
1600000000673397952,1600000000673397951,1600000000375911219,Beverage Menu,Whiskey/Bourbon,,Chivas regal 12,0.00,0.0,0.00,0.00,0.00,0,0,0,0,0,0
1600000000674448562,1600000000674448561,1600000000375911219,Beverage Menu,Whiskey/Bourbon,,Four wals,0.00,0.0,0.00,0.00,0.00,0,0,0,0,0,0
1600000000745849804,1600000000745849803,1600000000375911219,Beverage Menu,Whiskey/Bourbon,,Dbl jack,13.083333333333334,3.0,39.25,3.21,36.04,0.014150943396226415,0.0010645848119233499,6.723442402510085E-4,0.020299993804108442,0.001844654877049453,9.031178112674221E-4
1600000001175217540,1600000001175217539,1600000000375911219,Beverage Menu,Whiskey/Bourbon,,Well dbl w,8.51,5.0,42.55,0.00,42.55,0.02358490566037736,0.0017743080198722497,0.0011205737337516809,0.02396683508226454,0.0021778597396907387,0.0010662503570873698
1600000000376026902,1600000000376026901,1600000000375911219,Beverage Menu,Whiskey/Bourbon,DBL Whiskey/Bourbon,,15.24,13.0,198.13,0.00,198.13,0,0.06132075471698113,0.00291349170775437,0,0.11159927226437306,0.004964892673318933
1600000000375911327,1600000000375911326,1600000000376026902,Beverage Menu,Whiskey/Bourbon,DBL Whiskey/Bourbon,DBL Jameson Irish,15.453076923076923,9.0,125.91,0.00,125.91,0.6923076923076923,0.04245283018867924,0.0020170327207530256,0.6354918487861505,0.0709204278544754,0.003155148823992262
1600000000375911329,1600000000375911328,1600000000376026902,Beverage Menu,Whiskey/Bourbon,DBL Whiskey/Bourbon,DBL Crown Royal Apple,15.25,1.0,15.25,0.00,15.25,0.07692307692307693,0.0047169811320754715,2.2411474675033618E-4,0.07696966638065916,0.008589758754513144,3.821461326811373E-4
1600000000375911331,1600000000375911330,1600000000376026902,Beverage Menu,Whiskey/Bourbon,DBL Whiskey/Bourbon,DBL Crown Royal Peach,0.00,0.0,0.00,0.00,0.00,0,0,0,0,0,0
1600000000375911333,1600000000375911332,1600000000376026902,Beverage Menu,Whiskey/Bourbon,DBL Whiskey/Bourbon,DBL Crown Royal Vanilla,0.00,0.0,0.00,0.00,0.00,0,0,0,0,0,0
1600000000375911335,1600000000375911334,1600000000376026902,Beverage Menu,Whiskey/Bourbon,DBL Whiskey/Bourbon,DBL Crown Royal Canadian Whiskey,14.0,0.0,0.00,0.00,0.00,0.0,0.0,0.0,0.0,0.0,0.0
1600000000375911337,1600000000375911336,1600000000376026902,Beverage Menu,Whiskey/Bourbon,DBL Whiskey/Bourbon,DBL Rebecca creek,0.00,0.0,0.00,0.00,0.00,0,0,0,0,0,0
1600000000375911339,1600000000375911338,1600000000376026902,Beverage Menu,Whiskey/Bourbon,DBL Whiskey/Bourbon,DBL Texas Ranger Peach,0.00,0.0,0.00,0.00,0.00,0,0,0,0,0,0
1600000000375911341,1600000000375911340,1600000000376026902,Beverage Menu,Whiskey/Bourbon,DBL Whiskey/Bourbon,DBL Texas Ranger Peanut butter,0.00,0.0,0.00,0.00,0.00,0,0,0,0,0,0
1600000000375911343,1600000000375911342,1600000000376026902,Beverage Menu,Whiskey/Bourbon,DBL Whiskey/Bourbon,DBL Bulleit Rye whiskey,0.00,0.0,0.00,0.00,0.00,0,0,0,0,0,0
1600000000375911345,1600000000375911344,1600000000376026902,Beverage Menu,Whiskey/Bourbon,DBL Whiskey/Bourbon,DBL Makers mark bourbon,0.00,0.0,0.00,0.00,0.00,0,0,0,0,0,0
1600000000375911347,1600000000375911346,1600000000376026902,Beverage Menu,Whiskey/Bourbon,DBL Whiskey/Bourbon,DBL Mitchters Bourbon,0.00,0.0,0.00,0.00,0.00,0,0,0,0,0,0
1600000000375911349,1600000000375911348,1600000000376026902,Beverage Menu,Whiskey/Bourbon,DBL Whiskey/Bourbon,DBL Buffalo trace Bourbon,19.805,3.0,56.97,0.00,56.97,0.23076923076923078,0.014150943396226415,6.723442402510085E-4,0.28753848483319033,0.032089085655384514,0.0014275977166455338
1600000000375911451,1600000000375911450,1600000000376026902,Beverage Menu,Whiskey/Bourbon,DBL Whiskey/Bourbon,DBL Woodford reserve Bourbon,0.00,0.0,0.00,0.00,0.00,0,0,0,0,0,0
1600000000375911453,1600000000375911452,1600000000376026902,Beverage Menu,Whiskey/Bourbon,DBL Whiskey/Bourbon,DBL Bullet Bourbon,0.00,0.0,0.00,0.00,0.00,0,0,0,0,0,0
1600000000375911459,1600000000375911458,,Beverage Menu,Scotch,,,15.83,73.0,1155.53,31.04,1124.49,0,0.025904897090134847,0.01636037651277454,0,0.05755538187273417,0.02817832817958112
1600000000375911249,1600000000375911248,1600000000375911459,Beverage Menu,Scotch,,Chivas regal 12,0.00,0.0,0.00,0.00,0.00,0,0,0,0,0,0
1600000000375911301,1600000000375911300,1600000000375911459,Beverage Menu,Scotch,,Glenfiddich 12,10.25,10.0,102.50,4.10,98.40,0.136986301369863,0.0035486160397444995,0.0022411474675033617,0.0875063362057466,0.005036460596605611,0.0024657822593982894
1600000000375911303,1600000000375911302,1600000000375911459,Beverage Menu,Scotch,,Glenfiddich 15,22.990000000000002,7.0,160.93,6.90,154.03,0.0958904109589041,0.00248403122782115,0.0015688032272523531,0.13697765209117022,0.007883801074137827,0.0038598012338934805
1600000000375911305,1600000000375911304,1600000000375911459,Beverage Menu,Scotch,,Glenfiddich 18,24.990000000000002,3.0,74.97,0.00,74.97,0.0410958904109589,0.0010645848119233499,6.723442402510085E-4,0.06667022383480511,0.003837230192352872,0.0018786554470232697
1600000000375911307,1600000000375911306,1600000000375911459,Beverage Menu,Scotch,,Glenlevit reserve,0.00,0.0,0.00,0.00,0.00,0,0,0,0,0,0
1600000000375911309,1600000000375911308,1600000000375911459,Beverage Menu,Scotch,,Glenlevit 12,11.21551724137931,28.0,315.00,19.12,295.88,0.3835616438356164,0.0099361249112846,0.0062752129090094125,0.2631237272007755,0.015144186598817763,0.007414386736898026
1600000000375911311,1600000000375911310,1600000000375911459,Beverage Menu,Scotch,,Mcallan 12,13.190000000000001,5.0,65.95,0.00,65.95,0.0684931506849315,0.0017743080198722497,0.0011205737337516809,0.05864880968261167,0.0033755546376640242,0.0016526254065784265
1600000000375911313,1600000000375911312,1600000000375911459,Beverage Menu,Scotch,,Mcallan 15,26.99,3.0,80.97,0.00,80.97,0.0410958904109589,0.0010645848119233499,6.723442402510085E-4,0.07200597604247258,0.004144331448243458,0.0020290080238158483
1600000000375911315,1600000000375911314,1600000000375911459,Beverage Menu,Scotch,,Johnny walker black,10.25,5.0,51.25,0.92,50.33,0.0684931506849315,0.0017743080198722497,0.0011205737337516809,0.04475806810198401,0.002576067701495532,0.0012612075316617468
1600000000375911317,1600000000375911316,1600000000375911459,Beverage Menu,Scotch,,Johnny walker blue,0.00,0.0,0.00,0.00,0.00,0,0,0,0,0,0
1600000000375911319,1600000000375911318,1600000000375911459,Beverage Menu,Scotch,,Royal Salute 21,36.99,2.0,73.98,0.00,73.98,0.0273972602739726,7.097232079489E-4,4.4822949350067237E-4,0.06578982472053999,0.003786558485130925,0.0018538472718524943
1600000000376093599,1600000000376093598,1600000000375911459,Beverage Menu,Scotch,DBL Scotch,,23.00,10.0,229.98,0.00,229.98,0,0.136986301369863,0.0022411474675033617,0,0.20451938211989434,0.005763014268459538
1600000000375911455,1600000000375911454,1600000000376093599,Beverage Menu,Scotch,DBL Scotch,DBL Chivas regal 12,0.00,0.0,0.00,0.00,0.00,0,0,0,0,0,0
1600000000375911457,1600000000375911456,1600000000376093599,Beverage Menu,Scotch,DBL Scotch,DBL Glenfiddich 12,0.00,0.0,0.00,0.00,0.00,0,0,0,0,0,0
1600000000376092696,1600000000376092695,1600000000376093599,Beverage Menu,Scotch,DBL Scotch,DBL Glenfiddich 15,0.00,0.0,0.00,0.00,0.00,0,0,0,0,0,0
1600000000376092698,1600000000376092697,1600000000376093599,Beverage Menu,Scotch,DBL Scotch,DBL Glenfiddich 18,42.99,2.0,85.98,0.00,85.98,0.2,0.0273972602739726,4.4822949350067237E-4,0.37385859639968694,0.07646132913587493,0.0021545524254376514
1600000000376094850,1600000000376092699,1600000000376093599,Beverage Menu,Scotch,DBL Scotch,DBL Glenlevit reserve,0.00,0.0,0.00,0.00,0.00,0,0,0,0,0,0
1600000000376094852,1600000000376094851,1600000000376093599,Beverage Menu,Scotch,DBL Scotch,DBL Glenlevit 12,17.77777777777778,8.0,144.00,0.00,144.00,0.8,0.1095890410958904,0.0017929179740026895,0.6261414036003131,0.12805805298401943,0.0036084618430218865
1600000000376094854,1600000000376094853,1600000000376093599,Beverage Menu,Scotch,DBL Scotch,DBL Mcallan 12,0.00,0.0,0.00,0.00,0.00,0,0,0,0,0,0
1600000000376094856,1600000000376094855,1600000000376093599,Beverage Menu,Scotch,DBL Scotch,DBL Mcallan 15,0.00,0.0,0.00,0.00,0.00,0,0,0,0,0,0
1600000000376094858,1600000000376094857,1600000000376093599,Beverage Menu,Scotch,DBL Scotch,DBL Johnny walker black,0.00,0.0,0.00,0.00,0.00,0,0,0,0,0,0
1600000000376094860,1600000000376094859,1600000000376093599,Beverage Menu,Scotch,DBL Scotch,DBL Johnny walker blue,0.00,0.0,0.00,0.00,0.00,0,0,0,0,0,0
1600000000376094862,1600000000376094861,1600000000376093599,Beverage Menu,Scotch,DBL Scotch,DBL Royal Salute 21,0.00,0.0,0.00,0.00,0.00,0,0,0,0,0,0
1600000000375911491,1600000000375911490,,Beverage Menu,Liqueurs/Cordials,,,7.65,10.0,76.50,3.00,73.50,0,0.0035486160397444995,0.0022411474675033617,0,0.0037619903846596785,0.0018418190657090879
1600000000375911493,1600000000375911492,1600000000375911491,Beverage Menu,Liqueurs/Cordials,,X rated,0.00,0.0,0.00,0.00,0.00,0,0,0,0,0,0
1600000000375911495,1600000000375911494,1600000000375911491,Beverage Menu,Liqueurs/Cordials,,HPNOTIQ french,0.00,0.0,0.00,0.00,0.00,0,0,0,0,0,0
1600000000445645534,1600000000445510573,1600000000375911491,Beverage Menu,Liqueurs/Cordials,,Disarono,7.0,3.0,21.00,0.00,21.00,0.3,0.0010645848119233499,6.723442402510085E-4,0.2857142857142857,0.001074854395617051,5.262340187740251E-4
1600000000763755898,1600000000763755897,1600000000375911491,Beverage Menu,Liqueurs/Cordials,,Baileys,7.928571428571429,7.0,55.50,3.00,52.50,0.7,0.00248403122782115,0.0015688032272523531,0.7142857142857143,0.0026871359890426275,0.0013155850469350628
1600000000376100073,1600000000376100072,1600000000375911491,Beverage Menu,Liqueurs/Cordials,DBL Liqueurs/Cordials,,0.00,0.0,0.00,0.00,0.00,0,0,0,0,0,0
1600000000375911499,1600000000375911498,1600000000376100073,Beverage Menu,Liqueurs/Cordials,DBL Liqueurs/Cordials,DBL X rated,0.00,0.0,0.00,0.00,0.00,0,0,0,0,0,0
1600000000375911501,1600000000375911500,1600000000376100073,Beverage Menu,Liqueurs/Cordials,DBL Liqueurs/Cordials,DBL HPNOTIQ french,0.00,0.0,0.00,0.00,0.00,0,0,0,0,0,0
1600000000375911503,1600000000375911502,1600000000376100073,Beverage Menu,Liqueurs/Cordials,DBL Liqueurs/Cordials,DBL,0.00,0.0,0.00,0.00,0.00,0,0,0,0,0,0
1600000000375911505,1600000000375911504,,Beverage Menu,House Cocktails,,,8.48,389.0,3300.48,29.16,3271.32,0,0.13804116394606103,0.08718063648588077,0,0.1674377467366653,0.08197523191884971
1600000000375911507,1600000000375911506,1600000000375911505,Beverage Menu,House Cocktails,,Lost in the Forest,9.25,1.0,9.25,0.00,9.25,0.002570694087403599,3.5486160397445E-4,2.2411474675033618E-4,0.0028276047589352307,4.734477694979867E-4,2.3179355588855868E-4
1600000000375911509,1600000000375911508,1600000000375911505,Beverage Menu,House Cocktails,,Jungle Rye,10.25,1.0,10.25,0.00,10.25,0.002570694087403599,3.5486160397445E-4,2.2411474675033618E-4,0.0031332917599012017,5.246313121464177E-4,2.5685231868732177E-4
1600000000375911511,1600000000375911510,1600000000375911505,Beverage Menu,House Cocktails,,Monkeytail Manhattan,11.99,3.0,35.97,0.00,35.97,0.007712082262210797,0.0010645848119233499,6.723442402510085E-4,0.010995561424745974,0.0018410720290640628,9.013636978715087E-4
1600000000375911513,1600000000375911512,1600000000375911505,Beverage Menu,House Cocktails,,Cherry Ransom,10.49,3.0,31.47,0.00,31.47,0.007712082262210797,0.0010645848119233499,6.723442402510085E-4,0.009619969920399105,0.0016107460871461234,7.885992652770748E-4
1600000000375911515,1600000000375911514,1600000000375911505,Beverage Menu,House Cocktails,,Citrus Swing,0.00,0.0,0.00,0.00,0.00,0,0,0,0,0,0
1600000000375911517,1600000000375911516,1600000000375911505,Beverage Menu,House Cocktails,,Wanderlust Whiskey,10.49,2.0,20.98,0.00,20.98,0.005141388174807198,7.097232079489E-4,4.4822949350067237E-4,0.006413313280266069,0.0010738307247640823,5.257328435180499E-4
1600000000375911519,1600000000375911518,1600000000375911505,Beverage Menu,House Cocktails,,Grapefruit Swing,9.25,3.0,27.75,0.00,27.75,0.007712082262210797,0.0010645848119233499,6.723442402510085E-4,0.008482814276805693,0.00142034330849396,6.953806676656761E-4
1600000000375911521,1600000000375911520,1600000000375911505,Beverage Menu,House Cocktails,,Monkey's Mask,13.49,2.0,26.98,0.00,26.98,0.005141388174807198,7.097232079489E-4,4.4822949350067237E-4,0.008247435286061896,0.0013809319806546683,6.760854203106285E-4
1600000000375911523,1600000000375911522,1600000000375911505,Beverage Menu,House Cocktails,,Sun Swinger,8.25,6.0,49.50,0.00,49.50,0.015424164524421594,0.0021291696238466998,0.001344688480502017,0.01513150654781556,0.0025335853610973344,0.0012404087585387736
1600000000375911525,1600000000375911524,1600000000375911505,Beverage Menu,House Cocktails,,Primate Punch,10.49,1.0,10.49,0.00,10.49,0.002570694087403599,3.5486160397445E-4,2.2411474675033618E-4,0.0032066566401330347,5.369153623820412E-4,2.6286642175902495E-4
1600000000375911527,1600000000375911526,1600000000375911505,Beverage Menu,House Cocktails,,Jungle Margarita,7.25,23.0,166.75,0.36,166.39,0.05912596401028278,0.008161816891412349,0.005154639175257732,0.0508632600907279,0.008516429661272433,0.004169527542086192
1600000000375911529,1600000000375911528,1600000000375911505,Beverage Menu,House Cocktails,,Swinging Silver,11.99,7.0,83.93,0.00,83.93,0.017994858611825194,0.00248403122782115,0.0015688032272523531,0.02565630999107394,0.004295834734482814,0.0021031819617001873
1600000000375911531,1600000000375911530,1600000000375911505,Beverage Menu,House Cocktails,,Spicy Swing,11.49,9.0,103.41,0.00,103.41,0.02313624678663239,0.00319375443577005,0.0020170327207530256,0.03161109276989105,0.005292890145274249,0.002591326661020092
1600000000375911533,1600000000375911532,1600000000375911505,Beverage Menu,House Cocktails,,Tropical Swing,11.49,14.0,160.86,2.45,158.41,0.03598971722365039,0.0049680624556423,0.0031376064545047063,0.04842387782301945,0.008107984990937954,0.003969558614952063
1600000000375911535,1600000000375911534,1600000000375911505,Beverage Menu,House Cocktails,,Monkey Melon,10.25,3.0,30.75,0.00,30.75,0.007712082262210797,0.0010645848119233499,6.723442402510085E-4,0.009399875279703606,0.0015738939364392532,7.705569560619653E-4
1600000000375911537,1600000000375911536,1600000000375911505,Beverage Menu,House Cocktails,,Spicy Strawberry Swing,13.99,23.0,321.77,1.40,320.37,0.05912596401028278,0.008161816891412349,0.005154639175257732,0.0979329444994681,0.01639767155827784,0.008028075837839734
1600000000375911539,1600000000375911538,1600000000375911505,Beverage Menu,House Cocktails,,Golden Ape,13.99,1.0,13.99,0.00,13.99,0.002570694087403599,3.5486160397445E-4,2.2411474675033618E-4,0.004276561143513933,7.160577616515496E-4,3.505720915546958E-4
1600000000375911541,1600000000375911540,1600000000375911505,Beverage Menu,House Cocktails,,Tree Top Twist,0.00,0.0,0.00,0.00,0.00,0,0,0,0,0,0
1600000000375911543,1600000000375911542,1600000000375911505,Beverage Menu,House Cocktails,,Primate Espresso Twist,0.00,0.0,0.00,0.00,0.00,0,0,0,0,0,0
1600000000375911545,1600000000375911544,1600000000375911505,Beverage Menu,House Cocktails,,Cheeky Chimp Twist,8.75,1.0,8.75,0.00,8.75,0.002570694087403599,3.5486160397445E-4,2.2411474675033618E-4,0.0026747612584522456,4.478559981737712E-4,2.1926417448917714E-4
1600000000375911547,1600000000375911546,1600000000375911505,Beverage Menu,House Cocktails,,Citrus Monkey Twist,10.25,1.0,10.25,0.00,10.25,0.002570694087403599,3.5486160397445E-4,2.2411474675033618E-4,0.0031332917599012017,5.246313121464177E-4,2.5685231868732177E-4
1600000000375911549,1600000000375911548,1600000000375911505,Beverage Menu,House Cocktails,,Jumping Demon Twist,0.00,0.0,0.00,0.00,0.00,0,0,0,0,0,0
1600000000375911601,1600000000375911600,1600000000375911505,Beverage Menu,House Cocktails,,Paradise Punch,8.75,6.0,52.50,0.00,52.50,0.015424164524421594,0.0021291696238466998,0.001344688480502017,0.01604856755071347,0.0026871359890426275,0.0013155850469350628
1600000000375911603,1600000000375911602,1600000000375911505,Beverage Menu,House Cocktails,,Swinging Sky,10.29,1.0,10.29,0.00,10.29,0.002570694087403599,3.5486160397445E-4,2.2411474675033618E-4,0.0031455192399398404,5.266786538523549E-4,2.578546691992723E-4
1600000000375911605,1600000000375911604,1600000000375911505,Beverage Menu,House Cocktails,,Citrus Berry Swing,11.49,3.0,34.47,0.00,34.47,0.007712082262210797,0.0010645848119233499,6.723442402510085E-4,0.010537030923297016,0.0017642967150914165,8.637755536733641E-4
1600000000375911607,1600000000375911606,1600000000375911505,Beverage Menu,House Cocktails,,Tree Top Toss,0.00,0.0,0.00,0.00,0.00,0,0,0,0,0,0
1600000000375911609,1600000000375911608,1600000000375911505,Beverage Menu,House Cocktails,,Cheeky Chimp Splash,7.25,12.0,87.00,0.00,87.00,0.030848329048843187,0.0042583392476933995,0.002689376961004034,0.02659476908403947,0.004452968210413496,0.00218011236349239
1600000000375911611,1600000000375911610,1600000000375911505,Beverage Menu,House Cocktails,,Tito's Twist,9.25,2.0,18.50,0.00,18.50,0.005141388174807198,7.097232079489E-4,4.4822949350067237E-4,0.005655209517870461,9.468955389959734E-4,4.6358711177711735E-4
1600000000375911613,1600000000375911612,1600000000375911505,Beverage Menu,House Cocktails,,Jumping Diplomatico,0.00,0.0,0.00,0.00,0.00,0,0,0,0,0,0
1600000000375911615,1600000000375911614,1600000000375911505,Beverage Menu,House Cocktails,,Monkey Mai Tai,7.55,7.0,52.85,0.00,52.85,0.017994858611825194,0.00248403122782115,0.0015688032272523531,0.016155558001051562,0.002705050228969578,0.00132435561391463
1600000000375911617,1600000000375911616,1600000000375911505,Beverage Menu,House Cocktails,,Lost in the Island,9.25,13.0,120.25,1.84,118.41,0.033419023136246784,0.0046132008516678496,0.00291349170775437,0.036196397784380614,0.006060643285000714,0.0029672081030015385
1600000000375911619,1600000000375911618,1600000000375911505,Beverage Menu,House Cocktails,,House Mojito,8.25,8.0,66.00,0.41,65.59,0.02056555269922879,0.0028388928317956,0.0017929179740026895,0.020050010393358034,0.003357128562310589,0.0016436042519708718
1600000000375911621,1600000000375911620,1600000000375911505,Beverage Menu,House Cocktails,,Monkey Fizz,9.25,3.0,27.75,0.00,27.75,0.007712082262210797,0.0010645848119233499,6.723442402510085E-4,0.008482814276805693,0.00142034330849396,6.953806676656761E-4
1600000000375911623,1600000000375911622,1600000000375911505,Beverage Menu,House Cocktails,,Rogue Bull,9.25,1.0,9.25,0.00,9.25,0.002570694087403599,3.5486160397445E-4,2.2411474675033618E-4,0.0028276047589352307,4.734477694979867E-4,2.3179355588855868E-4
1600000000375911625,1600000000375911624,1600000000375911505,Beverage Menu,House Cocktails,,Bloody Mary,9.25,5.0,46.25,3.71,42.54,0.012853470437017995,0.0017743080198722497,0.0011205737337516809,0.013003925021092402,0.0021773479042642547,0.0010659997694593823
1600000000375911627,1600000000375911626,1600000000375911505,Beverage Menu,House Cocktails,,Monkey Mule,6.75,13.0,87.75,0.00,87.75,0.033419023136246784,0.0046132008516678496,0.00291349170775437,0.026824034334763946,0.00449135586739982,0.0021989064355914622
1600000000375911629,1600000000375911628,1600000000375911505,Beverage Menu,House Cocktails,,Cherry Bull,9.25,1.0,9.25,0.00,9.25,0.002570694087403599,3.5486160397445E-4,2.2411474675033618E-4,0.0028276047589352307,4.734477694979867E-4,2.3179355588855868E-4
1600000000375911631,1600000000375911630,1600000000375911505,Beverage Menu,House Cocktails,,Tree Top Tripple,8.55,1.0,8.55,0.00,8.55,0.002570694087403599,3.5486160397445E-4,2.2411474675033618E-4,0.0026136238582590513,4.3761928964408507E-4,2.1425242192942454E-4
1600000000375911633,1600000000375911632,1600000000375911505,Beverage Menu,House Cocktails,,Jungle Jive Mule,11.25,12.0,135.00,0.00,135.00,0.030848329048843187,0.0042583392476933995,0.002689376961004034,0.04126774513040607,0.0069097782575381845,0.0033829329778330185
1600000000375911635,1600000000375911634,1600000000375911505,Beverage Menu,House Cocktails,,Primate Strawberry Punch,9.25,1.0,9.25,0.00,9.25,0.002570694087403599,3.5486160397445E-4,2.2411474675033618E-4,0.0028276047589352307,4.734477694979867E-4,2.3179355588855868E-4
1600000000376169735,1600000000376169734,1600000000375911505,Beverage Menu,House Cocktails,,Deep Eddy Lemon,0.00,0.0,0.00,0.00,0.00,0,0,0,0,0,0
1600000000376169737,1600000000376169736,1600000000375911505,Beverage Menu,House Cocktails,,Deep Eddy lLime,0.00,0.0,0.00,0.00,0.00,0,0,0,0,0,0
1600000000376169739,1600000000376169738,1600000000375911505,Beverage Menu,House Cocktails,,Fireball Cinnamon,6.5,50.0,325.00,11.49,313.51,0.12853470437017994,0.017743080198722498,0.011205737337516808,0.09583593167284153,0.0160465524557096,0.00785617272504022
1600000000376169741,1600000000376169740,1600000000375911505,Beverage Menu,House Cocktails,,Jack Daniels Tennessee Apple,0.00,0.0,0.00,0.00,0.00,0,0,0,0,0,0
1600000000376169743,1600000000376169742,1600000000375911505,Beverage Menu,House Cocktails,,Jack Daniels Tennessee Fire,0.00,0.0,0.00,0.00,0.00,0,0,0,0,0,0
1600000000376169745,1600000000376169744,1600000000375911505,Beverage Menu,House Cocktails,,Jager Meister,6.5,4.0,26.00,0.00,26.00,0.010282776349614395,0.0014194464158978,8.964589870013447E-4,0.007947862025115243,0.001330772108859206,6.515278327678406E-4
1600000000376169747,1600000000376169746,1600000000375911505,Beverage Menu,House Cocktails,,Jose Cuervo Devils Reserve,0.00,0.0,0.00,0.00,0.00,0,0,0,0,0,0
1600000000376169749,1600000000376169748,1600000000375911505,Beverage Menu,House Cocktails,,Skrewball Peanut butter,0.00,0.0,0.00,0.00,0.00,0,0,0,0,0,0
1600000000376171801,1600000000376171800,1600000000375911505,Beverage Menu,House Cocktails,,Jose Cuervo traditional Blanco,0.00,0.0,0.00,0.00,0.00,0,0,0,0,0,0
1600000000434190825,1600000000433898618,1600000000375911505,Beverage Menu,House Cocktails,,Green Tea Shots,7.26,23.0,166.98,0.00,166.98,0.05912596401028278,0.008161816891412349,0.005154639175257732,0.05104361542129782,0.008546627951435007,0.004184312212137462
1600000000434100794,1600000000435555458,1600000000375911505,Beverage Menu,House Cocktails,,Vegas Bomb,7.24,2.0,14.48,0.00,14.48,0.005141388174807198,7.097232079489E-4,4.4822949350067237E-4,0.004426347773987259,7.411376975492808E-4,3.6285088532608974E-4
1600000000452229722,1600000000451613395,1600000000375911505,Beverage Menu,House Cocktails,,Jack Daniels,7.5,39.0,292.50,7.50,285.00,0.10025706940874037,0.013839602555003548,0.00874047512326311,0.08712079527530171,0.014587309654802835,0.007141747397647484
1600000000522330364,1600000000522330363,1600000000375911505,Beverage Menu,House Cocktails,,Adios MF,0.00,0.0,0.00,0.00,0.00,0,0,0,0,0,0
1600000000534693739,1600000000534693738,1600000000375911505,Beverage Menu,House Cocktails,,Rumple,7.25030303030303,33.0,239.26,0.00,239.26,0.08483290488431877,0.01171043293115685,0.007395786642761094,0.07313867185111819,0.0122461744140636,0.005995559587232059
1600000000538065398,1600000000538065397,1600000000375911505,Beverage Menu,House Cocktails,,Kettle one orange,9.25,6.0,55.50,0.00,55.50,0.015424164524421594,0.0021291696238466998,0.001344688480502017,0.016965628553611386,0.00284068661698792,0.0013907613353313522
1600000000708994116,1600000000708994115,1600000000375911505,Beverage Menu,House Cocktails,,MexicanCandies,7.25,30.0,217.50,0.00,217.50,0.07712082262210797,0.0106458481192335,0.006723442402510085,0.06648692271009868,0.011132420526033741,0.005450280908730974
1600000000709012411,1600000000709012410,1600000000375911505,Beverage Menu,House Cocktails,,Starbust Shots,7.25,9.0,65.25,0.00,65.25,0.02313624678663239,0.00319375443577005,0.0020170327207530256,0.019946076813029602,0.0033397261578101225,0.0016350842726192923
1600000001242420311,1600000001242420310,1600000000375911505,Beverage Menu,House Cocktails,,Flights Feb,0.00,0.0,0.00,0.00,0.00,0,0,0,0,0,0
1600000000376113996,1600000000376113995,,Beverage Menu,NA Bev,,,3.60,272.0,979.35,65.08,914.27,0,0.0965223562810504,0.06095921111609144,0,0.046795577537181006,0.02291047506402514
1600000000429284281,1600000000429592489,1600000000376113996,Beverage Menu,NA Bev,,Red Bull,3.782608695652174,23.0,87.00,6.74,80.26,0.08455882352941177,0.008161816891412349,0.005154639175257732,0.08778588381987816,0.004107991132963072,0.0020112163022287266
1600000000512590684,1600000000512590683,1600000000376113996,Beverage Menu,NA Bev,,Topo Chico Soda,3.0,29.0,87.00,3.69,83.31,0.10661764705882353,0.01029098651525905,0.006499327655759749,0.09112187865728942,0.004264100938040786,0.002087645528764954
1600000000562336629,1600000000562336628,1600000000376113996,Beverage Menu,NA Bev,,Shirley Temple Moctail,5.99,19.0,113.81,26.36,87.45,0.06985294117647059,0.00674237047551455,0.004258180188256387,0.09565008148577554,0.004476000804605291,0.002191388806751833
1600000000886149474,1600000000886149473,1600000000376113996,Beverage Menu,NA Bev,,Ritual Agave,7.99,1.0,7.99,0.00,7.99,0.003676470588235294,3.5486160397445E-4,2.2411474675033618E-4,0.008739212705218371,4.089565057609637E-4,2.002195147621172E-4
1600000000886149476,1600000000886149475,1600000000376113996,Beverage Menu,NA Bev,,Ritual W,7.99,2.0,15.98,0.00,15.98,0.007352941176470588,7.097232079489E-4,4.4822949350067237E-4,0.017478425410436742,8.179130115219274E-4,4.004390295242344E-4
1600000001030541634,1600000001030541633,1600000000376113996,Beverage Menu,NA Bev,,Water BTL,1.49,12.0,17.88,0.00,17.88,0.04411764705882353,0.0042583392476933995,0.002689376961004034,0.019556586128824088,9.151617425539462E-4,4.480506788418842E-4
1600000001031468475,1600000001031468474,1600000000376113996,Beverage Menu,NA Bev,,Reg water,0.00,0.0,0.00,0.00,0.00,0,0,0,0,0,0
1600000001073618734,1600000001073618733,1600000000376113996,Beverage Menu,NA Bev,,Red Bull Sugar Free,4.5,2.0,9.00,4.50,4.50,0.007352941176470588,7.097232079489E-4,4.4822949350067237E-4,0.00492195959618056,2.3032594191793948E-4,1.1276443259443395E-4
1600000001202340124,1600000001202340123,1600000000376113996,Beverage Menu,NA Bev,,Virgin Pina Coloda,6.99,5.0,34.95,0.00,34.95,0.01838235294117647,0.0017743080198722497,0.0011205737337516809,0.038227219530335685,0.0017888648155626634,8.758037598167705E-4
1600000001223835261,1600000001223835260,1600000000376113996,Beverage Menu,NA Bev,,Zero Heinekein,4.5,1.0,4.50,0.00,4.50,0.003676470588235294,3.5486160397445E-4,2.2411474675033618E-4,0.00492195959618056,2.3032594191793948E-4,1.1276443259443395E-4
1600000000376117542,1600000000376117541,1600000000376113996,Beverage Menu,NA Bev,Soda,,2.99,161.0,481.40,18.85,462.55,0,0.5919117647058824,0.03608247422680412,0,0.5059227580474039,0.011590930732567872
1600000000375911639,1600000000375911638,1600000000376117542,Beverage Menu,NA Bev,Soda,Coke,2.9900826446280995,118.0,352.83,11.67,341.16,0.7329192546583851,0.4338235294117647,0.026445540116539667,0.73756350664793,0.3731501635184355,0.00854904751642602
1600000000375911641,1600000000375911640,1600000000376117542,Beverage Menu,NA Bev,Soda,Diet Coke,2.9899999999999998,43.0,128.57,7.18,121.39,0.2670807453416149,0.15808823529411764,0.009636934110264455,0.26243649335207003,0.13277259452896847,0.0030418832161418527
1600000000376117544,1600000000376117543,1600000000376113996,Beverage Menu,NA Bev,Juice,,3.99,4.0,15.97,0.40,15.57,0,0.014705882352941176,8.964589870013447E-4,0,0.017029980202784737,3.901649367767415E-4
1600000000375911645,1600000000375911644,1600000000376117544,Beverage Menu,NA Bev,Juice,Orange Juice,3.995,2.0,7.99,0.00,7.99,0.5,0.007352941176470588,4.4822949350067237E-4,0.5131663455362877,0.008739212705218371,2.002195147621172E-4
1600000000375911647,1600000000375911646,1600000000376117544,Beverage Menu,NA Bev,Juice,Cranberry Juice,3.99,2.0,7.98,0.40,7.58,0.5,0.007352941176470588,4.4822949350067237E-4,0.48683365446371224,0.008290767497566364,1.8994542201462432E-4
1600000000376117546,1600000000376117545,1600000000376113996,Beverage Menu,NA Bev,Mocktails,,7.99,13.0,103.87,4.54,99.33,0,0.04779411764705882,0.00291349170775437,0,0.10864405481969222,0.0024890869088011387
1600000000375911651,1600000000375911650,1600000000376117546,Beverage Menu,NA Bev,Mocktails,Spicy Guava Mary,7.989999999999999,9.0,71.91,3.40,68.51,0.6923076923076923,0.03308823529411765,0.0020170327207530256,0.6897211315815968,0.07493410042985114,0.0017167758393432603
1600000000375911653,1600000000375911652,1600000000376117546,Beverage Menu,NA Bev,Mocktails,Lychee Lover Signature,7.989999999999999,3.0,23.97,1.14,22.83,0.23076923076923078,0.011029411764705883,6.723442402510085E-4,0.2298399275143461,0.024970741684622703,5.720915546957616E-4
1600000000375911655,1600000000375911654,1600000000376117546,Beverage Menu,NA Bev,Mocktails,Kiwi Spritzer,7.99,0.0,0.00,0.00,0.00,0.0,0.0,0.0,0.0,0.0,0.0
1600000000375911657,1600000000375911656,1600000000376117546,Beverage Menu,NA Bev,Mocktails,Grapefruit,7.99,1.0,7.99,0.00,7.99,0.07692307692307693,0.003676470588235294,2.2411474675033618E-4,0.08043894090405719,0.008739212705218371,2.002195147621172E-4
,,,,,,,0.00,0.0,0.00,0.00,0.00,0,0,0,0,0,0
1600000000376205646,1600000000376205644,,Happy Hour,Draft Beer HH,,,0.00,0.0,0.00,0.00,0.00,0,0,0,0,0,0
1600000000375910786,1600000000375910785,1600000000376205646,Happy Hour,Draft Beer HH,,Bud Light,0.00,0.0,0.00,0.00,0.00,0,0,0,0,0,0
1600000000375910789,1600000000375910788,1600000000376205646,Happy Hour,Draft Beer HH,,Michelob Ultra,0.00,0.0,0.00,0.00,0.00,0,0,0,0,0,0
1600000000375910792,1600000000375910791,1600000000376205646,Happy Hour,Draft Beer HH,,Firestone,0.00,0.0,0.00,0.00,0.00,0,0,0,0,0,0
1600000000375910794,1600000000375910793,1600000000376205646,Happy Hour,Draft Beer HH,,Corona Extra,0.00,0.0,0.00,0.00,0.00,0,0,0,0,0,0
1600000000375910798,1600000000375910797,1600000000376205646,Happy Hour,Draft Beer HH,,Modelo,0.00,0.0,0.00,0.00,0.00,0,0,0,0,0,0
1600000000375910850,1600000000375910799,1600000000376205646,Happy Hour,Draft Beer HH,,Karbach Hopadillo IPA,0.00,0.0,0.00,0.00,0.00,0,0,0,0,0,0
1600000000375910853,1600000000375910852,1600000000376205646,Happy Hour,Draft Beer HH,,Electric JellyFish IPA,0.00,0.0,0.00,0.00,0.00,0,0,0,0,0,0
1600000000375910855,1600000000375910854,1600000000376205646,Happy Hour,Draft Beer HH,,Stella Artois,0.00,0.0,0.00,0.00,0.00,0,0,0,0,0,0
1600000000376210557,1600000000376210556,,Happy Hour,Cocktails HH,,,0.00,0.0,0.00,0.00,0.00,0,0,0,0,0,0
1600000000375910948,1600000000375910947,1600000000376210557,Happy Hour,Cocktails HH,,Deep eddy lemon,0.00,0.0,0.00,0.00,0.00,0,0,0,0,0,0
1600000000375910950,1600000000375910949,1600000000376210557,Happy Hour,Cocktails HH,,Deep eddy lime,0.00,0.0,0.00,0.00,0.00,0,0,0,0,0,0
1600000000376169739,1600000000376169738,1600000000376210557,Happy Hour,Cocktails HH,,Fireball Cinnamon,0.00,0.0,0.00,0.00,0.00,0,0,0,0,0,0
1600000000376169741,1600000000376169740,1600000000376210557,Happy Hour,Cocktails HH,,Jack Daniels Tennessee Apple,0.00,0.0,0.00,0.00,0.00,0,0,0,0,0,0
1600000000376169743,1600000000376169742,1600000000376210557,Happy Hour,Cocktails HH,,Jack Daniels Tennessee Fire,0.00,0.0,0.00,0.00,0.00,0,0,0,0,0,0
1600000000376169745,1600000000376169744,1600000000376210557,Happy Hour,Cocktails HH,,Jager Meister,0.00,0.0,0.00,0.00,0.00,0,0,0,0,0,0
1600000000376169747,1600000000376169746,1600000000376210557,Happy Hour,Cocktails HH,,Jose Cuervo Devils Reserve,0.00,0.0,0.00,0.00,0.00,0,0,0,0,0,0
1600000000376169749,1600000000376169748,1600000000376210557,Happy Hour,Cocktails HH,,Skrewball Peanut butter,0.00,0.0,0.00,0.00,0.00,0,0,0,0,0,0
1600000000376171801,1600000000376171800,1600000000376210557,Happy Hour,Cocktails HH,,Jose Cuervo traditional Blanco,0.00,0.0,0.00,0.00,0.00,0,0,0,0,0,0
,,,HH,,,,5.14,24.0,123.75,0.00,123.75,0,0,0.005378753922008068,0,0,0.003101021896346934
1600000000454978658,1600000000454809273,,HH,Drafts,,,5.26,20.0,105.25,0.00,105.25,0,0.8333333333333334,0.0044822949350067235,0,0.8505050505050505,0.0026374347845698164
1600000000455007358,1600000000455006902,1600000000454978658,HH,Drafts,,Draft Modelo,0.00,0.0,0.00,0.00,0.00,0,0,0,0,0,0
1600000000454836445,1600000000454978676,1600000000454978658,HH,Drafts,,D Corona Extra,0.00,0.0,0.00,0.00,0.00,0,0,0,0,0,0
1600000000455004513,1600000000455069113,1600000000454978658,HH,Drafts,,D BudLight,5.0,6.0,30.00,0.00,30.00,0.3,0.25,0.001344688480502017,0.2850356294536817,0.24242424242424243,7.51762883962893E-4
1600000000454833897,1600000000454848095,1600000000454978658,HH,Drafts,,D Michelob Ultra,5.0,5.0,25.00,0.00,25.00,0.25,0.20833333333333334,0.0011205737337516809,0.2375296912114014,0.20202020202020202,6.264690699690776E-4
1600000000454833898,1600000000454848096,1600000000454978658,HH,Drafts,,D firestone 805,0.00,0.0,0.00,0.00,0.00,0,0,0,0,0,0
1600000000454833899,1600000000454848097,1600000000454978658,HH,Drafts,,D Stella,5.75,3.0,17.25,0.00,17.25,0.15,0.125,6.723442402510085E-4,0.16389548693586697,0.1393939393939394,4.322636582786635E-4
1600000000455134150,1600000000454848098,1600000000454978658,HH,Drafts,,D Karbach Hopadilo,5.75,4.0,23.00,0.00,23.00,0.2,0.16666666666666666,8.964589870013447E-4,0.21852731591448932,0.18585858585858586,5.763515443715513E-4
1600000000455134151,1600000000454848099,1600000000454978658,HH,Drafts,,D pinthouse ElectricJellyfish,5.0,2.0,10.00,0.00,10.00,0.1,0.08333333333333333,4.4822949350067237E-4,0.09501187648456057,0.08080808080808081,2.50587627987631E-4
1600000000455004333,1600000000455004334,1600000000454978658,HH,Drafts,Btl/Can,,0.00,0.0,0.00,0.00,0.00,0,0,0,0,0,0
1600000000455140251,1600000000455109358,,HH,BTL,,,4.75,2.0,9.50,0.00,9.50,0,0.08333333333333333,4.4822949350067237E-4,0,0.07676767676767676,2.3805824658824947E-4
1600000000455154254,1600000000454809298,1600000000455140251,HH,BTL,,Budweiser,0.00,0.0,0.00,0.00,0.00,0,0,0,0,0,0
1600000000455154255,1600000000454809299,1600000000455140251,HH,BTL,,Dos Equis,4.75,1.0,4.75,0.00,4.75,0.5,0.041666666666666664,2.2411474675033618E-4,0.5,0.03838383838383838,1.1902912329412474E-4
1600000000455154256,1600000000455180700,1600000000455140251,HH,BTL,,Kona Big Wave,4.75,1.0,4.75,0.00,4.75,0.5,0.041666666666666664,2.2411474675033618E-4,0.5,0.03838383838383838,1.1902912329412474E-4
1600000000455154257,1600000000455180701,1600000000455140251,HH,BTL,,Heineken,0.00,0.0,0.00,0.00,0.00,0,0,0,0,0,0
1600000000455154258,1600000000455180702,1600000000455140251,HH,BTL,,Blue Moon,0.00,0.0,0.00,0.00,0.00,0,0,0,0,0,0
1600000000455154259,1600000000455180703,1600000000455140251,HH,BTL,,Corona Extra,4.75,0.0,0.00,0.00,0.00,0.0,0.0,0.0,0.0,0.0,0.0
1600000001147341424,1600000001147341423,1600000000455140251,HH,BTL,,Miller lite,0.00,0.0,0.00,0.00,0.00,0,0,0,0,0,0
1600000001147341426,1600000001147341425,1600000000455140251,HH,BTL,,Coors lite,0.00,0.0,0.00,0.00,0.00,0,0,0,0,0,0
1600000000455000633,1600000000455134159,,HH,Well Shots,,,4.50,2.0,9.00,0.00,9.00,0,0.08333333333333333,4.4822949350067237E-4,0,0.07272727272727272,2.255288651888679E-4
1600000000455340100,1600000000455197107,1600000000455000633,HH,Well Shots,,Tequila,4.5,2.0,9.00,0.00,9.00,1.0,0.08333333333333333,4.4822949350067237E-4,1.0,0.07272727272727272,2.255288651888679E-4
1600000000455267452,1600000000455197896,1600000000455000633,HH,Well Shots,,Vodka,0.00,0.0,0.00,0.00,0.00,0,0,0,0,0,0
1600000000455140883,1600000000455303363,1600000000455000633,HH,Well Shots,,Rum,0.00,0.0,0.00,0.00,0.00,0,0,0,0,0,0
1600000000455215334,1600000000455071829,1600000000455000633,HH,Well Shots,,Whiskey,0.00,0.0,0.00,0.00,0.00,0,0,0,0,0,0
1600000000455047237,1600000000455180723,1600000000455000633,HH,Well Shots,,gin,0.00,0.0,0.00,0.00,0.00,0,0,0,0,0,0
1600000000568054595,1600000000568054594,,HH,Wings and Beer Bucket,,,0.00,0.0,0.00,0.00,0.00,0,0,0,0,0,0
1600000000568083071,1600000000568083070,1600000000568054595,HH,Wings and Beer Bucket,,Wings and Beer Bucket,0.00,0.0,0.00,0.00,0.00,0,0,0,0,0,0
1600000000603411175,1600000000603411174,,HH,Wings and Wells,,,0.00,0.0,0.00,0.00,0.00,0,0,0,0,0,0
1600000000603434788,1600000000603434787,1600000000603411175,HH,Wings and Wells,,wings,0.00,0.0,0.00,0.00,0.00,0,0,0,0,0,0
,,,NYE,,,,9.55,7.0,61.00,0.00,61.00,0,0,0.0015688032272523531,0,0,0.001528584530724549
1600000000813491441,1600000000813491440,,NYE,Drinks,,,8.71,7.0,61.00,0.00,61.00,0,1.0,0.0015688032272523531,0,1.0,0.001528584530724549
1600000000813603576,1600000000813603575,1600000000813491441,NYE,Drinks,,Green tea shots,0.00,0.0,0.00,0.00,0.00,0,0,0,0,0,0
1600000000813603578,1600000000813603577,1600000000813491441,NYE,Drinks,,Starburst,10.0,2.0,20.00,0.00,20.00,0.2857142857142857,0.2857142857142857,4.4822949350067237E-4,0.32786885245901637,0.32786885245901637,5.01175255975262E-4
1600000000813603580,1600000000813603579,1600000000813491441,NYE,Drinks,,Mexican candy,10.0,0.0,0.00,0.00,0.00,0.0,0.0,0.0,0.0,0.0,0.0
1600000000813603582,1600000000813603581,1600000000813491441,NYE,Drinks,,Lemon drop,10.0,2.0,20.00,0.00,20.00,0.2857142857142857,0.2857142857142857,4.4822949350067237E-4,0.32786885245901637,0.32786885245901637,5.01175255975262E-4
1600000000813603584,1600000000813603583,1600000000813491441,NYE,Drinks,,Blue Scooby Snack,0.00,0.0,0.00,0.00,0.00,0,0,0,0,0,0
1600000000813603586,1600000000813603585,1600000000813491441,NYE,Drinks,,Screw Driver,0.00,0.0,0.00,0.00,0.00,0,0,0,0,0,0
1600000000813603588,1600000000813603587,1600000000813491441,NYE,Drinks,,Margarita,0.00,0.0,0.00,0.00,0.00,0,0,0,0,0,0
1600000000813603590,1600000000813603589,1600000000813491441,NYE,Drinks,,Old Fashion,0.00,0.0,0.00,0.00,0.00,0,0,0,0,0,0
1600000000813603592,1600000000813603591,1600000000813491441,NYE,Drinks,,Dirty Martini,0.00,0.0,0.00,0.00,0.00,0,0,0,0,0,0
1600000000813603594,1600000000813603593,1600000000813491441,NYE,Drinks,,Dirty Shirley,0.00,0.0,0.00,0.00,0.00,0,0,0,0,0,0
1600000000813603596,1600000000813603595,1600000000813491441,NYE,Drinks,,Wine,0.00,0.0,0.00,0.00,0.00,0,0,0,0,0,0
1600000000813603598,1600000000813603597,1600000000813491441,NYE,Drinks,,Virgin mojito na,7.0,3.0,21.00,0.00,21.00,0.42857142857142855,0.42857142857142855,6.723442402510085E-4,0.3442622950819672,0.3442622950819672,5.262340187740251E-4
1600000000813603700,1600000000813603599,1600000000813491441,NYE,Drinks,,Shirley mocktail na,0.00,0.0,0.00,0.00,0.00,0,0,0,0,0,0
,,,Game Specials,,,,5.365471698113208,101.0,545.74,22.46,523.28,0,0,0.022635589421783953,0,0,0.013112749397336755
1600000000893077813,1600000000893077812,,Game Specials,Wells,,,4.30,40.0,172.00,13.94,158.06,0,0.39603960396039606,0.008964589870013447,0,0.3020562605106253,0.003960788047972496
1600000000893106701,1600000000893106700,1600000000893077813,Game Specials,Wells,,Well T,4.0,8.0,32.00,2.67,29.33,0.2,0.07920792079207921,0.0017929179740026895,0.18556244464127544,0.05605029811955359,7.349735128877218E-4
1600000000893106703,1600000000893106702,1600000000893077813,Game Specials,Wells,,Well R,4.0,2.0,8.00,0.00,8.00,0.05,0.019801980198019802,4.4822949350067237E-4,0.05061369100341642,0.015288182235132244,2.0047010239010481E-4
1600000000893106705,1600000000893106704,1600000000893077813,Game Specials,Wells,,Well V,4.545454545454546,22.0,100.00,11.27,88.73,0.55,0.21782178217821782,0.004930524428507396,0.5613691003416424,0.16956505121541052,0.0022234640231342502
1600000000893106707,1600000000893106706,1600000000893077813,Game Specials,Wells,,Well W,4.0,8.0,32.00,0.00,32.00,0.2,0.07920792079207921,0.0017929179740026895,0.2024547640136657,0.06115272894052898,8.018804095604193E-4
1600000000893106709,1600000000893106708,1600000000893077813,Game Specials,Wells,,Well G,0.00,0.0,0.00,0.00,0.00,0,0,0,0,0,0
1600000000959798717,1600000000959798716,,Game Specials,Draft,,,4.80,22.0,105.50,0.00,105.50,0,0.21782178217821782,0.004930524428507396,0,0.20161290322580647,0.002643699475269507
1600000000959815526,1600000000959815525,1600000000959798717,Game Specials,Draft,,Stella,5.0,1.0,5.00,0.00,5.00,0.045454545454545456,0.009900990099009901,2.2411474675033618E-4,0.04739336492890995,0.009555113896957653,1.252938139938155E-4
1600000000959815528,1600000000959815527,1600000000959798717,Game Specials,Draft,,Modelo,5.5,3.0,16.50,0.00,16.50,0.13636363636363635,0.0297029702970297,6.723442402510085E-4,0.15639810426540285,0.03153187585996025,4.1346958617959116E-4
1600000000959815530,1600000000959815529,1600000000959798717,Game Specials,Draft,,Ultra,4.5,1.0,4.50,0.00,4.50,0.045454545454545456,0.009900990099009901,2.2411474675033618E-4,0.04265402843601896,0.008599602507261887,1.1276443259443395E-4
1600000000959815532,1600000000959815531,1600000000959798717,Game Specials,Draft,,Budlight,4.75,2.0,9.50,0.00,9.50,0.09090909090909091,0.019801980198019802,4.4822949350067237E-4,0.09004739336492891,0.018154716404219538,2.3805824658824947E-4
1600000000959815534,1600000000959815533,1600000000959798717,Game Specials,Draft,,Corona Extra,5.0,10.0,50.00,0.00,50.00,0.45454545454545453,0.09900990099009901,0.0022411474675033617,0.47393364928909953,0.09555113896957652,0.0012529381399381551
1600000000959815536,1600000000959815535,1600000000959798717,Game Specials,Draft,,805,0.00,0.0,0.00,0.00,0.00,0,0,0,0,0,0
1600000000959815538,1600000000959815537,1600000000959798717,Game Specials,Draft,,Electric Jelly Fish,4.0,5.0,20.00,0.00,20.00,0.22727272727272727,0.04950495049504951,0.0011205737337516809,0.1895734597156398,0.03822045558783061,5.01175255975262E-4
1600000000959815540,1600000000959815539,1600000000959798717,Game Specials,Draft,,Karback IPA,0.00,0.0,0.00,0.00,0.00,0,0,0,0,0,0
1600000000959798719,1600000000959798718,,Game Specials,BTL,,,4.10,22.0,90.27,2.67,87.60,0,0.21782178217821782,0.004930524428507396,0,0.16740559547469805,0.0021951476211716477
1600000000959832117,1600000000959832116,1600000000959798719,Game Specials,BTL,,ultra,4.0,2.0,8.00,0.00,8.00,0.09090909090909091,0.019801980198019802,4.4822949350067237E-4,0.09132420091324202,0.015288182235132244,2.0047010239010481E-4
1600000000959832119,1600000000959832118,1600000000959798719,Game Specials,BTL,,coors lite,4.0,1.0,4.00,0.00,4.00,0.045454545454545456,0.009900990099009901,2.2411474675033618E-4,0.04566210045662101,0.007644091117566122,1.0023505119505241E-4
1600000000959832121,1600000000959832120,1600000000959798719,Game Specials,BTL,,miller lite,4.0,3.0,12.00,2.67,9.33,0.13636363636363635,0.0297029702970297,6.723442402510085E-4,0.1065068493150685,0.01782984253172298,2.3379825691245974E-4
1600000000959832123,1600000000959832122,1600000000959798719,Game Specials,BTL,,bluemoon,1.77,1.0,1.77,0.00,1.77,0.045454545454545456,0.009900990099009901,2.2411474675033618E-4,0.020205479452054795,0.0033825103195230088,4.435401015381069E-5
1600000000959832125,1600000000959832124,1600000000959798719,Game Specials,BTL,,dos,4.5,8.0,36.00,0.00,36.00,0.36363636363636365,0.07920792079207921,0.0017929179740026895,0.4109589041095891,0.06879682005809509,9.021154607554716E-4
1600000000959832127,1600000000959832126,1600000000959798719,Game Specials,BTL,,corona extra,4.5,1.0,4.50,0.00,4.50,0.045454545454545456,0.009900990099009901,2.2411474675033618E-4,0.051369863013698634,0.008599602507261887,1.1276443259443395E-4
1600000000959832129,1600000000959832128,1600000000959798719,Game Specials,BTL,,shiner,4.0,6.0,24.00,0.00,24.00,0.2727272727272727,0.0594059405940594,0.001344688480502017,0.27397260273972607,0.04586454670539673,6.014103071703144E-4
1600000000959836068,1600000000959836067,,Game Specials,wings,,,9.00,14.0,126.00,5.85,120.15,0,0.13861386138613863,0.0031376064545047063,0,0.2296093869438924,0.0030108103502713866
1600000000959849089,1600000000959849088,1600000000959836068,Game Specials,wings,,6 wings,9.0,14.0,126.00,5.85,120.15,1.0,0.13861386138613863,0.0031376064545047063,1.0,0.2296093869438924,0.0030108103502713866
1600000001100811590,1600000001100811589,,Game Specials,Buckets and Pitchers,,,17.32,3.0,51.97,0.00,51.97,0,0.0297029702970297,6.723442402510085E-4,0,0.09931585384497783,0.0013023039026517184
1600000001100842809,1600000001100842808,1600000001100811590,Game Specials,Buckets and Pitchers,,Ultra pitcher,17.323333333333334,3.0,51.97,0.00,51.97,1.0,0.0297029702970297,6.723442402510085E-4,1.0,0.09931585384497783,0.0013023039026517184
1600000001100842811,1600000001100842810,1600000001100811590,Game Specials,Buckets and Pitchers,,Budlight pitcher,0.00,0.0,0.00,0.00,0.00,0,0,0,0,0,0
1600000001100842813,1600000001100842812,1600000001100811590,Game Specials,Buckets and Pitchers,,Ultra bucket-5,0.00,0.0,0.00,0.00,0.00,0,0,0,0,0,0
1600000001100842815,1600000001100842814,1600000001100811590,Game Specials,Buckets and Pitchers,,Budlight bucket -6,0.00,0.0,0.00,0.00,0.00,0,0,0,0,0,0
1600000001100842817,1600000001100842816,1600000001100811590,Game Specials,Buckets and Pitchers,,Millerlite bucket -6,0.00,0.0,0.00,0.00,0.00,0,0,0,0,0,0
,,,Tequila Tuesdays,,,,4.888888888888889,18.0,88.00,0.00,88.00,0,0,0.004034065441506051,0,0,0.002205171126291153
1600000001074688358,1600000001074688357,,Tequila Tuesdays,TTue,,,4.89,18.0,88.00,0.00,88.00,0,1.0,0.004034065441506051,0,1.0,0.002205171126291153
1600000001074723858,1600000001074723857,1600000001074688358,Tequila Tuesdays,TTue,,Well Teq,4.0,10.0,40.00,0.00,40.00,0.5555555555555556,0.5555555555555556,0.0022411474675033617,0.45454545454545453,0.45454545454545453,0.001002350511950524
1600000001074723860,1600000001074723859,1600000001074688358,Tequila Tuesdays,TTue,,Espolon Blanco,6.0,4.0,24.00,0.00,24.00,0.2222222222222222,0.2222222222222222,8.964589870013447E-4,0.2727272727272727,0.2727272727272727,6.014103071703144E-4
1600000001074723862,1600000001074723861,1600000001074688358,Tequila Tuesdays,TTue,,Espolon Repo,6.0,4.0,24.00,0.00,24.00,0.2222222222222222,0.2222222222222222,8.964589870013447E-4,0.2727272727272727,0.2727272727272727,6.014103071703144E-4
1600000001074723864,1600000001074723863,1600000001074688358,Tequila Tuesdays,TTue,,Jaja,0.00,0.0,0.00,0.00,0.00,0,0,0,0,0,0
1600000001074723866,1600000001074723865,1600000001074688358,Tequila Tuesdays,TTue,,Lalo,0.00,0.0,0.00,0.00,0.00,0,0,0,0,0,0
1600000001074723868,1600000001074723867,1600000001074688358,Tequila Tuesdays,TTue,,Silver patron,0.00,0.0,0.00,0.00,0.00,0,0,0,0,0,0
1600000001258635474,1600000001258635473,1600000001074688358,Tequila Tuesdays,TTue,,Don Julio,0.00,0.0,0.00,0.00,0.00,0,0,0,0,0,0
1600000001258635476,1600000001258635475,1600000001074688358,Tequila Tuesdays,TTue,,Lunazul,0.00,0.0,0.00,0.00,0.00,0,0,0,0,0,0
,,,Food Menu (GH),,,,4.05,3.0,12.15,0.00,12.15,0,0,6.723442402510085E-4,0,0,3.044639680049717E-4
1600000001079556125,1600000001079556124,,Food Menu (GH),Appetizers,,,0.00,0.0,0.00,0.00,0.00,0,0,0,0,0,0
1600000000375910512,1600000000375910511,1600000001079556125,Food Menu (GH),Appetizers,,Chicken Wings,0.00,0.0,0.00,0.00,0.00,0,0,0,0,0,0
1600000000375910514,1600000000375910513,1600000001079556125,Food Menu (GH),Appetizers,,Crispy Fish,0.00,0.0,0.00,0.00,0.00,0,0,0,0,0,0
1600000000375910516,1600000000375910515,1600000001079556125,Food Menu (GH),Appetizers,,Fried Shrimp,0.00,0.0,0.00,0.00,0.00,0,0,0,0,0,0
1600000000375910518,1600000000375910517,1600000001079556125,Food Menu (GH),Appetizers,,Chicken Tenders,0.00,0.0,0.00,0.00,0.00,0,0,0,0,0,0
1600000000375910520,1600000000375910519,1600000001079556125,Food Menu (GH),Appetizers,,Loaded Fries,0.00,0.0,0.00,0.00,0.00,0,0,0,0,0,0
1600000000375910522,1600000000375910521,1600000001079556125,Food Menu (GH),Appetizers,,Chicken Samurai,0.00,0.0,0.00,0.00,0.00,0,0,0,0,0,0
1600000000454770812,1600000000454732125,1600000001079556125,Food Menu (GH),Appetizers,,Wing Wednesday,0.00,0.0,0.00,0.00,0.00,0,0,0,0,0,0
1600000000631459782,1600000000631459781,1600000001079556125,Food Menu (GH),Appetizers,,15 Game Day Wings,0.00,0.0,0.00,0.00,0.00,0,0,0,0,0,0
1600000000645346593,1600000000645346592,1600000001079556125,Food Menu (GH),Appetizers,,777,0.00,0.0,0.00,0.00,0.00,0,0,0,0,0,0
1600000000645346597,1600000000645346596,1600000001079556125,Food Menu (GH),Appetizers,,Chicken Samurai,0.00,0.0,0.00,0.00,0.00,0,0,0,0,0,0
1600000000698429037,1600000000698429036,1600000001079556125,Food Menu (GH),Appetizers,,Manchurian,0.00,0.0,0.00,0.00,0.00,0,0,0,0,0,0
1600000000723131341,1600000000723131340,1600000001079556125,Food Menu (GH),Appetizers,,Jungle Fire,0.00,0.0,0.00,0.00,0.00,0,0,0,0,0,0
1600000000723131343,1600000000723131342,1600000001079556125,Food Menu (GH),Appetizers,,Jungle Fire Paneeer,0.00,0.0,0.00,0.00,0.00,0,0,0,0,0,0
1600000000723131345,1600000000723131344,1600000001079556125,Food Menu (GH),Appetizers,,Jungle Fire Mushroom,0.00,0.0,0.00,0.00,0.00,0,0,0,0,0,0
1600000000723131347,1600000000723131346,1600000001079556125,Food Menu (GH),Appetizers,,Jungle Green Chicken,0.00,0.0,0.00,0.00,0.00,0,0,0,0,0,0
1600000000723131349,1600000000723131348,1600000001079556125,Food Menu (GH),Appetizers,,Jungle Green Mushroom,0.00,0.0,0.00,0.00,0.00,0,0,0,0,0,0
1600000000723132451,1600000000723132450,1600000001079556125,Food Menu (GH),Appetizers,,Jungle Green Paneer,0.00,0.0,0.00,0.00,0.00,0,0,0,0,0,0
1600000000876248613,1600000000876248612,1600000001079556125,Food Menu (GH),Appetizers,,$5 Wings,0.00,0.0,0.00,0.00,0.00,0,0,0,0,0,0
1600000001079556127,1600000001079556126,,Food Menu (GH),Quick Bites,,,0.00,0.0,0.00,0.00,0.00,0,0,0,0,0,0
1600000000375910526,1600000000375910525,1600000001079556127,Food Menu (GH),Quick Bites,,Mozarella Sticks,0.00,0.0,0.00,0.00,0.00,0,0,0,0,0,0
1600000000375910528,1600000000375910527,1600000001079556127,Food Menu (GH),Quick Bites,,Jalepeno Poppers,0.00,0.0,0.00,0.00,0.00,0,0,0,0,0,0
1600000000375910530,1600000000375910529,1600000001079556127,Food Menu (GH),Quick Bites,,Falafel,0.00,0.0,0.00,0.00,0.00,0,0,0,0,0,0
1600000000375910532,1600000000375910531,1600000001079556127,Food Menu (GH),Quick Bites,,Onion Rings,0.00,0.0,0.00,0.00,0.00,0,0,0,0,0,0
1600000000375910540,1600000000375910539,1600000001079556127,Food Menu (GH),Quick Bites,,Chicken Nuggets,0.00,0.0,0.00,0.00,0.00,0,0,0,0,0,0
1600000001079556129,1600000001079556128,,Food Menu (GH),Burgers,,,0.00,0.0,0.00,0.00,0.00,0,0,0,0,0,0
1600000000375910544,1600000000375910543,1600000001079556129,Food Menu (GH),Burgers,,Sizzling Smash,0.00,0.0,0.00,0.00,0.00,0,0,0,0,0,0
1600000000375910546,1600000000375910545,1600000001079556129,Food Menu (GH),Burgers,,Double Down,0.00,0.0,0.00,0.00,0.00,0,0,0,0,0,0
1600000000375910548,1600000000375910547,1600000001079556129,Food Menu (GH),Burgers,,3 Pointer,0.00,0.0,0.00,0.00,0.00,0,0,0,0,0,0
1600000000375910600,1600000000375910549,1600000001079556129,Food Menu (GH),Burgers,,Victory Burger,0.00,0.0,0.00,0.00,0.00,0,0,0,0,0,0
1600000001079556131,1600000001079556130,,Food Menu (GH),Wraps,,,0.00,0.0,0.00,0.00,0.00,0,0,0,0,0,0
1600000000375910604,1600000000375910603,1600000001079556131,Food Menu (GH),Wraps,,Steak Wrap,0.00,0.0,0.00,0.00,0.00,0,0,0,0,0,0
1600000000375910606,1600000000375910605,1600000001079556131,Food Menu (GH),Wraps,,Lamb Wrap,0.00,0.0,0.00,0.00,0.00,0,0,0,0,0,0
1600000000375910608,1600000000375910607,1600000001079556131,Food Menu (GH),Wraps,,Chicken Wrap,0.00,0.0,0.00,0.00,0.00,0,0,0,0,0,0
1600000000375910610,1600000000375910609,1600000001079556131,Food Menu (GH),Wraps,,Falafel Wrap,0.00,0.0,0.00,0.00,0.00,0,0,0,0,0,0
1600000001079556133,1600000001079556132,,Food Menu (GH),Pita Crave,,,0.00,0.0,0.00,0.00,0.00,0,0,0,0,0,0
1600000000375910614,1600000000375910613,1600000001079556133,Food Menu (GH),Pita Crave,,Grill Chicken Pitawich,0.00,0.0,0.00,0.00,0.00,0,0,0,0,0,0
1600000000375910616,1600000000375910615,1600000001079556133,Food Menu (GH),Pita Crave,,Crispy Chicken Pitawich,0.00,0.0,0.00,0.00,0.00,0,0,0,0,0,0
1600000000375910618,1600000000375910617,1600000001079556133,Food Menu (GH),Pita Crave,,Steak Pitawich,0.00,0.0,0.00,0.00,0.00,0,0,0,0,0,0
1600000000375910620,1600000000375910619,1600000001079556133,Food Menu (GH),Pita Crave,,Falafel Pitawich,0.00,0.0,0.00,0.00,0.00,0,0,0,0,0,0
1600000001079556135,1600000001079556134,,Food Menu (GH),Philly Station,,,0.00,0.0,0.00,0.00,0.00,0,0,0,0,0,0
1600000000375910624,1600000000375910623,1600000001079556135,Food Menu (GH),Philly Station,,Grill Chicken Philly Melt,0.00,0.0,0.00,0.00,0.00,0,0,0,0,0,0
1600000000375910626,1600000000375910625,1600000001079556135,Food Menu (GH),Philly Station,,Crispy Chicken Philly Crunch,0.00,0.0,0.00,0.00,0.00,0,0,0,0,0,0
1600000000375910628,1600000000375910627,1600000001079556135,Food Menu (GH),Philly Station,,Cheese Steak Philly Melt,0.00,0.0,0.00,0.00,0.00,0,0,0,0,0,0
1600000000375910630,1600000000375910629,1600000001079556135,Food Menu (GH),Philly Station,,Chop Cheese Philly Melt,0.00,0.0,0.00,0.00,0.00,0,0,0,0,0,0
1600000000375910632,1600000000375910631,1600000001079556135,Food Menu (GH),Philly Station,,Heavy Duty Philly Supreme,0.00,0.0,0.00,0.00,0.00,0,0,0,0,0,0
1600000001079556137,1600000001079556136,,Food Menu (GH),Grill and Chill Platters,,,0.00,0.0,0.00,0.00,0.00,0,0,0,0,0,0
1600000000375910636,1600000000375910635,1600000001079556137,Food Menu (GH),Grill and Chill Platters,,Grill Chicken Power Platter,0.00,0.0,0.00,0.00,0.00,0,0,0,0,0,0
1600000000375910638,1600000000375910637,1600000001079556137,Food Menu (GH),Grill and Chill Platters,,Crispy Chicken Platter,0.00,0.0,0.00,0.00,0.00,0,0,0,0,0,0
1600000000375910640,1600000000375910639,1600000001079556137,Food Menu (GH),Grill and Chill Platters,,Beast Combo Platter,0.00,0.0,0.00,0.00,0.00,0,0,0,0,0,0
1600000000375910642,1600000000375910641,1600000001079556137,Food Menu (GH),Grill and Chill Platters,,Falafel Fiesta Platter,0.00,0.0,0.00,0.00,0.00,0,0,0,0,0,0
1600000000375910644,1600000000375910643,1600000001079556137,Food Menu (GH),Grill and Chill Platters,,Crispy Catch Platter,0.00,0.0,0.00,0.00,0.00,0,0,0,0,0,0
1600000000375910646,1600000000375910645,1600000001079556137,Food Menu (GH),Grill and Chill Platters,,Baja Shrimp Platter,0.00,0.0,0.00,0.00,0.00,0,0,0,0,0,0
1600000000375910648,1600000000375910647,1600000001079556137,Food Menu (GH),Grill and Chill Platters,,Steak Supreme Platter,0.00,0.0,0.00,0.00,0.00,0,0,0,0,0,0
1600000000409985513,1600000000409832645,1600000001079556137,Food Menu (GH),Grill and Chill Platters,,Lamb Platter,0.00,0.0,0.00,0.00,0.00,0,0,0,0,0,0
1600000001079556139,1600000001079556138,,Food Menu (GH),Salads,,,0.00,0.0,0.00,0.00,0.00,0,0,0,0,0,0
1600000000375910652,1600000000375910651,1600000001079556139,Food Menu (GH),Salads,,Chicken Power Bowl,0.00,0.0,0.00,0.00,0.00,0,0,0,0,0,0
1600000000375910654,1600000000375910653,1600000001079556139,Food Menu (GH),Salads,,Lamb Garden Bowl,0.00,0.0,0.00,0.00,0.00,0,0,0,0,0,0
1600000000375910656,1600000000375910655,1600000001079556139,Food Menu (GH),Salads,,Falafel Crunch Bowl,0.00,0.0,0.00,0.00,0.00,0,0,0,0,0,0
1600000000375910658,1600000000375910657,1600000001079556139,Food Menu (GH),Salads,,Steak House Salad,0.00,0.0,0.00,0.00,0.00,0,0,0,0,0,0
1600000001079556141,1600000001079556140,,Food Menu (GH),Desserts,,,0.00,0.0,0.00,0.00,0.00,0,0,0,0,0,0
1600000000375910662,1600000000375910661,1600000001079556141,Food Menu (GH),Desserts,,Nutella Cheese Cake,0.00,0.0,0.00,0.00,0.00,0,0,0,0,0,0
1600000000375910664,1600000000375910663,1600000001079556141,Food Menu (GH),Desserts,,Cheese Cake,0.00,0.0,0.00,0.00,0.00,0,0,0,0,0,0
1600000000375910666,1600000000375910665,1600000001079556141,Food Menu (GH),Desserts,,Leches Cake,0.00,0.0,0.00,0.00,0.00,0,0,0,0,0,0
1600000000375910668,1600000000375910667,1600000001079556141,Food Menu (GH),Desserts,,Red Velvet Cake,0.00,0.0,0.00,0.00,0.00,0,0,0,0,0,0
1600000000375910670,1600000000375910669,1600000001079556141,Food Menu (GH),Desserts,,Carrot Cake,0.00,0.0,0.00,0.00,0.00,0,0,0,0,0,0
1600000001079556143,1600000001079556142,,Food Menu (GH),Thick Shakes,,,0.00,0.0,0.00,0.00,0.00,0,0,0,0,0,0
1600000000375910675,1600000000375910674,1600000001079556143,Food Menu (GH),Thick Shakes,,Vanila Vibe,0.00,0.0,0.00,0.00,0.00,0,0,0,0,0,0
1600000000375910678,1600000000375910677,1600000001079556143,Food Menu (GH),Thick Shakes,,Choclate Rush,0.00,0.0,0.00,0.00,0.00,0,0,0,0,0,0
1600000000375910680,1600000000375910679,1600000001079556143,Food Menu (GH),Thick Shakes,,Strawbery Swirl,0.00,0.0,0.00,0.00,0.00,0,0,0,0,0,0
1600000000375910682,1600000000375910681,1600000001079556143,Food Menu (GH),Thick Shakes,,Mango Mood,0.00,0.0,0.00,0.00,0.00,0,0,0,0,0,0
1600000000375910684,1600000000375910683,1600000001079556143,Food Menu (GH),Thick Shakes,,Oreo Craze,0.00,0.0,0.00,0.00,0.00,0,0,0,0,0,0
1600000001079556145,1600000001079556144,,Food Menu (GH),Bar Bites,,,0.00,0.0,0.00,0.00,0.00,0,0,0,0,0,0
1600000000402457569,1600000000402457568,1600000001079556145,Food Menu (GH),Bar Bites,,Monkey Masala Peanuts,0.00,0.0,0.00,0.00,0.00,0,0,0,0,0,0
1600000000402457571,1600000000402457570,1600000001079556145,Food Menu (GH),Bar Bites,,Monkey Masala Roasted Chickpeas,0.00,0.0,0.00,0.00,0.00,0,0,0,0,0,0
1600000000402457573,1600000000402457572,1600000001079556145,Food Menu (GH),Bar Bites,,Golden Monkey Mix,0.00,0.0,0.00,0.00,0.00,0,0,0,0,0,0
1600000000402457575,1600000000402457574,1600000001079556145,Food Menu (GH),Bar Bites,,Double Golden Monkey Mix,0.00,0.0,0.00,0.00,0.00,0,0,0,0,0,0
1600000001079556147,1600000001079556146,,Food Menu (GH),Gyros,,,0.00,0.0,0.00,0.00,0.00,0,0,0,0,0,0
1600000000410047388,1600000000410320826,1600000001079556147,Food Menu (GH),Gyros,,Falafel Gyro,0.00,0.0,0.00,0.00,0.00,0,0,0,0,0,0
1600000000410047389,1600000000410320827,1600000001079556147,Food Menu (GH),Gyros,,Chicken Gyro,0.00,0.0,0.00,0.00,0.00,0,0,0,0,0,0
1600000000449341364,1600000000449364881,1600000001079556147,Food Menu (GH),Gyros,,Lamb Gyro,0.00,0.0,0.00,0.00,0.00,0,0,0,0,0,0
1600000000505928533,1600000000505928532,1600000001079556147,Food Menu (GH),Gyros,,Combo gyro,0.00,0.0,0.00,0.00,0.00,0,0,0,0,0,0
1600000000505963786,1600000000505963785,1600000001079556147,Food Menu (GH),Gyros,,Steak gyro,0.00,0.0,0.00,0.00,0.00,0,0,0,0,0,0
1600000001079556149,1600000001079556148,,Food Menu (GH),5 Monkey's Classics,,,0.00,0.0,0.00,0.00,0.00,0,0,0,0,0,0
1600000000417580100,1600000000417450548,1600000001079556149,Food Menu (GH),5 Monkey's Classics,,Rib Eye Steak,0.00,0.0,0.00,0.00,0.00,0,0,0,0,0,0
1600000000417375329,1600000000417348640,1600000001079556149,Food Menu (GH),5 Monkey's Classics,,New York Steak,0.00,0.0,0.00,0.00,0.00,0,0,0,0,0,0
1600000000417581806,1600000000417449813,1600000001079556149,Food Menu (GH),5 Monkey's Classics,,Lamb Chops,0.00,0.0,0.00,0.00,0.00,0,0,0,0,0,0
1600000000417310946,1600000000417348648,1600000001079556149,Food Menu (GH),5 Monkey's Classics,,Chicken Succatash,0.00,0.0,0.00,0.00,0.00,0,0,0,0,0,0
1600000000463104719,1600000000463104720,1600000001079556149,Food Menu (GH),5 Monkey's Classics,,T Bone Steak,0.00,0.0,0.00,0.00,0.00,0,0,0,0,0,0
1600000000613835251,1600000000613835250,1600000001079556149,Food Menu (GH),5 Monkey's Classics,,Beef Ribs,0.00,0.0,0.00,0.00,0.00,0,0,0,0,0,0
1600000001079556201,1600000001079556200,,Food Menu (GH),Sides,,,4.05,3.0,12.15,0.00,12.15,0,1.0,6.723442402510085E-4,0,1.0,3.044639680049717E-4
1600000000458632931,1600000000459705286,1600000001079556201,Food Menu (GH),Sides,,Side Rice,0.00,0.0,0.00,0.00,0.00,0,0,0,0,0,0
1600000000459000796,1600000000459622206,1600000001079556201,Food Menu (GH),Sides,,Side Fries,4.05,3.0,12.15,0.00,12.15,1.0,1.0,6.723442402510085E-4,1.0,1.0,3.044639680049717E-4
1600000000700919600,1600000000700917699,1600000001079556201,Food Menu (GH),Sides,,Pita,0.00,0.0,0.00,0.00,0.00,0,0,0,0,0,0
1600000000750390633,1600000000750390632,1600000001079556201,Food Menu (GH),Sides,,Salad,0.00,0.0,0.00,0.00,0.00,0,0,0,0,0,0
1600000000871281758,1600000000871281757,1600000001079556201,Food Menu (GH),Sides,,Sub Onion Rings,0.00,0.0,0.00,0.00,0.00,0,0,0,0,0,0
1600000001079556203,1600000001079556202,,Food Menu (GH),Roadrunner Specials,,,0.00,0.0,0.00,0.00,0.00,0,0,0,0,0,0
1600000001079556205,1600000001079556204,,Food Menu (GH),Mandi,,,0.00,0.0,0.00,0.00,0.00,0,0,0,0,0,0
1600000000840478404,1600000000840478403,1600000001079556205,Food Menu (GH),Mandi,,Juicy Chicken Mandi,0.00,0.0,0.00,0.00,0.00,0,0,0,0,0,0
1600000000840478406,1600000000840478405,1600000001079556205,Food Menu (GH),Mandi,,Juicly Paneer Mandi,0.00,0.0,0.00,0.00,0.00,0,0,0,0,0,0
1600000000942402359,1600000000942402358,1600000001079556205,Food Menu (GH),Mandi,,2 Juicy Chicken Mandi,0.00,0.0,0.00,0.00,0.00,0,0,0,0,0,0
1600000000942402361,1600000000942402360,1600000001079556205,Food Menu (GH),Mandi,,4 Juicy Chicken Mandi,0.00,0.0,0.00,0.00,0.00,0,0,0,0,0,0
1600000000942417802,1600000000942417801,1600000001079556205,Food Menu (GH),Mandi,,2 Juicy paneer Mandi for 2,0.00,0.0,0.00,0.00,0.00,0,0,0,0,0,0
1600000000942417804,1600000000942417803,1600000001079556205,Food Menu (GH),Mandi,,4 Juicy Paneer mandi for 4,0.00,0.0,0.00,0.00,0.00,0,0,0,0,0,0
1600000001036528465,1600000001036528464,1600000001079556205,Food Menu (GH),Mandi,,Juicy Lamb Shank Mandi,0.00,0.0,0.00,0.00,0.00,0,0,0,0,0,0
1600000001036559163,1600000001036559162,1600000001079556205,Food Menu (GH),Mandi,,2 Juicy Lamb Shank Mandi,0.00,0.0,0.00,0.00,0.00,0,0,0,0,0,0
1600000001036559165,1600000001036559164,1600000001079556205,Food Menu (GH),Mandi,,4 Juicy Lamb Shank Mandi,0.00,0.0,0.00,0.00,0.00,0,0,0,0,0,0
,,,Wed Specials,,,,5.0,24.0,120.00,0.00,120.00,0,0,0.005378753922008068,0,0,0.003007051535851572
1600000001079905231,1600000001079905230,,Wed Specials,Drinks,,,5.00,24.0,120.00,0.00,120.00,0,1.0,0.005378753922008068,0,1.0,0.003007051535851572
1600000001079910950,1600000001079910299,1600000001079905231,Wed Specials,Drinks,,Rumple,5.0,14.0,70.00,0.00,70.00,0.5833333333333334,0.5833333333333334,0.0031376064545047063,0.5833333333333334,0.5833333333333334,0.0017541133959134171
1600000001079910952,1600000001079910951,1600000001079905231,Wed Specials,Drinks,,Jaeger,5.0,10.0,50.00,0.00,50.00,0.4166666666666667,0.4166666666666667,0.0022411474675033617,0.4166666666666667,0.4166666666666667,0.0012529381399381551
,,,DJ Special,,,,3.1818181818181817,11.0,35.00,0.60,34.40,0,0,0.002465262214253698,0,0,8.620214402774506E-4
1600000001117188703,1600000001117188702,,DJ Special,Drinks,,,3.18,11.0,35.00,0.60,34.40,0,1.0,0.002465262214253698,0,1.0,8.620214402774506E-4
1600000001117220653,1600000001117220652,1600000001117188703,DJ Special,Drinks,,Rumple,4.0,2.0,8.00,0.00,8.00,0.18181818181818182,0.18181818181818182,4.4822949350067237E-4,0.23255813953488372,0.23255813953488372,2.0047010239010481E-4
1600000001117220655,1600000001117220654,1600000001117188703,DJ Special,Drinks,,Jaeger,0.00,0.0,0.00,0.00,0.00,0,0,0,0,0,0
1600000001117220657,1600000001117220656,1600000001117188703,DJ Special,Drinks,,Well T,3.0,2.0,6.00,0.30,5.70,0.18181818181818182,0.18181818181818182,4.4822949350067237E-4,0.16569767441860467,0.16569767441860467,1.428349479529497E-4
1600000001117220659,1600000001117220658,1600000001117188703,DJ Special,Drinks,,Well V,3.0,2.0,6.00,0.30,5.70,0.18181818181818182,0.18181818181818182,4.4822949350067237E-4,0.16569767441860467,0.16569767441860467,1.428349479529497E-4
1600000001117220661,1600000001117220660,1600000001117188703,DJ Special,Drinks,,D Budlight,3.0,5.0,15.00,0.00,15.00,0.45454545454545453,0.45454545454545453,0.0011205737337516809,0.436046511627907,0.436046511627907,3.758814419814465E-4
,,,Dbl Game day Spcls,,,,11.228846153846153,26.0,291.95,0.00,291.95,0,0,0.00582698341550874,0,0,0.007315905799098887
1600000001137863313,1600000001137863312,,Dbl Game day Spcls,Drinks,,,11.23,26.0,291.95,0.00,291.95,0,1.0,0.00582698341550874,0,1.0,0.007315905799098887
1600000001137877460,1600000001137877459,1600000001137863313,Dbl Game day Spcls,Drinks,,Dbl Well t,8.0,9.0,72.00,0.00,72.00,0.34615384615384615,0.34615384615384615,0.0020170327207530256,0.24661757150196953,0.24661757150196953,0.0018042309215109433
1600000001137877462,1600000001137877461,1600000001137863313,Dbl Game day Spcls,Drinks,,Dbl well v,8.0,2.0,16.00,0.00,16.00,0.07692307692307693,0.07692307692307693,4.4822949350067237E-4,0.05480390477821545,0.05480390477821545,4.0094020478020963E-4
1600000001137877464,1600000001137877463,1600000001137863313,Dbl Game day Spcls,Drinks,,Dbl well w,0.00,0.0,0.00,0.00,0.00,0,0,0,0,0,0
1600000001137877466,1600000001137877465,1600000001137863313,Dbl Game day Spcls,Drinks,,Dbl jameson,0.00,0.0,0.00,0.00,0.00,0,0,0,0,0,0
1600000001137877468,1600000001137877467,1600000001137863313,Dbl Game day Spcls,Drinks,,Dbl lalo,14.0,6.0,84.00,0.00,84.00,0.23076923076923078,0.23076923076923078,0.001344688480502017,0.2877205000856311,0.2877205000856311,0.0021049360750961003
1600000001137877470,1600000001137877469,1600000001137863313,Dbl Game day Spcls,Drinks,,Dbl espolon,10.0,2.0,20.00,0.00,20.00,0.07692307692307693,0.07692307692307693,4.4822949350067237E-4,0.06850488097276931,0.06850488097276931,5.01175255975262E-4
1600000001137877472,1600000001137877471,1600000001137863313,Dbl Game day Spcls,Drinks,,Dbl jameson,0.00,0.0,0.00,0.00,0.00,0,0,0,0,0,0
1600000001137877474,1600000001137877473,1600000001137863313,Dbl Game day Spcls,Drinks,,Dbl crown,0.00,0.0,0.00,0.00,0.00,0,0,0,0,0,0
1600000001137891744,1600000001137891743,1600000001137863313,Dbl Game day Spcls,Drinks,,Ultra pitcher,15.99,5.0,79.95,0.00,79.95,0.19230769230769232,0.19230769230769232,0.0011205737337516809,0.27384826168864534,0.27384826168864534,0.00200344808576111
1600000001137891746,1600000001137891745,1600000001137863313,Dbl Game day Spcls,Drinks,,Bud pitcher,0.00,0.0,0.00,0.00,0.00,0,0,0,0,0,0
1600000001137891748,1600000001137891747,1600000001137863313,Dbl Game day Spcls,Drinks,,Miller bucket-6,0.00,0.0,0.00,0.00,0.00,0,0,0,0,0,0
1600000001137892700,1600000001137891749,1600000001137863313,Dbl Game day Spcls,Drinks,,Coors bucket 6,0.00,0.0,0.00,0.00,0.00,0,0,0,0,0,0
1600000001140835558,1600000001140835557,1600000001137863313,Dbl Game day Spcls,Drinks,,Dbl titos,10.0,2.0,20.00,0.00,20.00,0.07692307692307693,0.07692307692307693,4.4822949350067237E-4,0.06850488097276931,0.06850488097276931,5.01175255975262E-4
,,,,,,,0.00,0.0,0.00,0.00,0.00,0,0,0,0,0,0
1600000001253365504,1600000001253365503,,Monday Spcls,Drinks,,,0.00,0.0,0.00,0.00,0.00,0,0,0,0,0,0
1600000001253379898,1600000001253379897,1600000001253365504,Monday Spcls,Drinks,,Titos,0.00,0.0,0.00,0.00,0.00,0,0,0,0,0,0
1600000001253380550,1600000001253379899,1600000001253365504,Monday Spcls,Drinks,,Jack,0.00,0.0,0.00,0.00,0.00,0,0,0,0,0,0
1600000001253380552,1600000001253380551,1600000001253365504,Monday Spcls,Drinks,,Crown,0.00,0.0,0.00,0.00,0.00,0,0,0,0,0,0
1600000001253380554,1600000001253380553,1600000001253365504,Monday Spcls,Drinks,,Makers Mark,0.00,0.0,0.00,0.00,0.00,0,0,0,0,0,0
1600000001253380556,1600000001253380555,1600000001253365504,Monday Spcls,Drinks,,Rebecca,0.00,0.0,0.00,0.00,0.00,0,0,0,0,0,0
1600000001253380558,1600000001253380557,1600000001253365504,Monday Spcls,Drinks,,Espolon,0.00,0.0,0.00,0.00,0.00,0,0,0,0,0,0
,,,Gift Cards,,,,50.0,1.0,50.00,0.00,50.00,0,0,2.2411474675033618E-4,0,0,0.0012529381399381551
-1,-1,,Gift Cards,Gift Cards,,,50.0,1.0,50.00,0.00,50.00,0,1.0,2.2411474675033618E-4,0,1.0,0.0012529381399381551
0,0,-1,Gift Cards,Gift Cards,,eGift Card,50.0,1.0,50.00,0.00,50.00,1.0,1.0,2.2411474675033618E-4,1.0,1.0,0.0012529381399381551
,,,Open Items,,,,10.17060606060606,30.0,311.66,3.20,308.46,0,0,0.006723442402510085,0,0,0.007729625972906466
-1600000000018652186,-1600000000018652185,,Open Items,Open Food,,,10.362592592592593,24.0,255.82,3.20,252.62,0,0.8,0.005378753922008068,0,0.8189716656940933,0.006330344658223535
-6,4611686018427387908,-1600000000018652186,Open Items,Open Food,,4 Water,0.0,1.0,0.00,0.00,0.00,0.041666666666666664,0.03333333333333333,2.2411474675033618E-4,0.0,0.0,0.0
-7,4611686018427387909,-1600000000018652186,Open Items,Open Food,,Cash,12.5,4.0,50.00,0.00,50.00,0.16666666666666666,0.13333333333333333,8.964589870013447E-4,0.19792573826300372,0.1620955715489853,0.0012529381399381551
-8,4611686018427387910,-1600000000018652186,Open Items,Open Food,,Jungle Fire Shrimp,0.0,1.0,0.00,0.00,0.00,0.041666666666666664,0.03333333333333333,2.2411474675033618E-4,0.0,0.0,0.0
-9,4611686018427387911,-1600000000018652186,Open Items,Open Food,,Jungle Fire Srimp,15.99,2.0,31.98,0.00,31.98,0.08333333333333333,0.06666666666666667,4.4822949350067237E-4,0.12659330219301718,0.103676327562731,8.01379234304444E-4
-10,4611686018427387912,-1600000000018652186,Open Items,Open Food,,Jungle Green Shrimp,14.99,1.0,14.99,0.00,14.99,0.041666666666666664,0.03333333333333333,2.2411474675033618E-4,0.059338136331248514,0.04859625235038579,3.756308543534589E-4
-11,4611686018427387913,-1600000000018652186,Open Items,Open Food,,Lamb Shank,15.99,2.0,31.98,0.00,31.98,0.08333333333333333,0.06666666666666667,4.4822949350067237E-4,0.12659330219301718,0.103676327562731,8.01379234304444E-4
-12,4611686018427387914,-1600000000018652186,Open Items,Open Food,,Mushroom 777,13.99,1.0,13.99,0.00,13.99,0.041666666666666664,0.03333333333333333,2.2411474675033618E-4,0.05537962156598844,0.045354340919406086,3.505720915546958E-4
-13,4611686018427387915,-1600000000018652186,Open Items,Open Food,,Omlet,7.99,4.0,31.96,3.20,28.76,0.16666666666666666,0.13333333333333333,8.964589870013447E-4,0.11384688464887975,0.09323737275497634,7.206900180924268E-4
-14,4611686018427387916,-1600000000018652186,Open Items,Open Food,,Shrimp 777,15.49,2.0,30.98,0.00,30.98,0.08333333333333333,0.06666666666666667,4.4822949350067237E-4,0.1226347874277571,0.10043441613175129,7.763204715056809E-4
-15,4611686018427387917,-1600000000018652186,Open Items,Open Food,,Soda,3.99,0.0,0.00,0.00,0.00,0.0,0.0,0.0,0.0,0.0,0.0
-16,4611686018427387918,-1600000000018652186,Open Items,Open Food,,Taj Mahal,7.989999999999999,4.0,27.96,0.00,27.96,0.16666666666666666,0.13333333333333333,8.964589870013447E-4,0.11068007283667168,0.09064384361019258,7.006430078534163E-4
-17,4611686018427387919,-1600000000018652186,Open Items,Open Food,,VMojitho,5.99,1.0,5.99,0.00,5.99,0.041666666666666664,0.03333333333333333,2.2411474675033618E-4,0.023711503443907846,0.019419049471568438,1.5010198916459098E-4
-18,4611686018427387920,-1600000000018652186,Open Items,Open Food,,White Gummy Bear,15.99,1.0,15.99,0.00,15.99,0.041666666666666664,0.03333333333333333,2.2411474675033618E-4,0.06329665109650859,0.0518381637813655,4.00689617152222E-4
-1600000000018652188,-1600000000018652187,,Open Items,Open Drink,,,9.306666666666667,6.0,55.84,0.00,55.84,0,0.2,0.001344688480502017,0,0.18102833430590679,0.0013992813146829317
-1,4611686018427387903,-1600000000018652188,Open Items,Open Drink,,Btl Stella,6.25,1.0,6.25,0.00,6.25,0.16666666666666666,0.03333333333333333,2.2411474675033618E-4,0.1119269340974212,0.020261946443623162,1.566172674922694E-4
-2,4611686018427387904,-1600000000018652188,Open Items,Open Drink,,Cas,10.0,1.0,10.00,0.00,10.00,0.16666666666666666,0.03333333333333333,2.2411474675033618E-4,0.1790830945558739,0.03241911430979706,2.50587627987631E-4
-3,4611686018427387905,-1600000000018652188,Open Items,Open Drink,,Cash,30.0,1.0,30.00,0.00,30.00,0.16666666666666666,0.03333333333333333,2.2411474675033618E-4,0.5372492836676217,0.09725734292939117,7.51762883962893E-4
-4,4611686018427387906,-1600000000018652188,Open Items,Open Drink,,Martini,3.0,2.0,6.00,0.00,6.00,0.3333333333333333,0.06666666666666667,4.4822949350067237E-4,0.10744985673352435,0.019451468585878234,1.503525767925786E-4
-5,4611686018427387907,-1600000000018652188,Open Items,Open Drink,,Soda,3.59,1.0,3.59,0.00,3.59,0.16666666666666666,0.03333333333333333,2.2411474675033618E-4,0.06429083094555874,0.011638462037217143,8.996095844755953E-5
